id,x,y,Species,line_num,gmm
485909730,45.99606,-5.01011,0,0,
323865917,31.40058,16.92516,0,0,
504615116,0.696248,37.75004,0,0,
558076716,63.67371,-4.11506,0,0,
476135066,28.95949,2.6697,0,0,
502614426,52.98909,7.224406,0,0,
480087928,48.15683,5.472547,0,0,
566506157,23.03404,-0.54141,0,0,
513593674,32.42908,-1.10373,0,0,
470098860,22.17008,9.921862,0,0,
473611755,18.57097,13.76754,0,0,
479091820,5.488481,-23.4962,0,0,
501799874,4.442821,-5.16985,0,0,
524857207,-2.67745,40.14318,0,0,
490283519,28.54988,9.526431,0,0,
524090036,16.32578,-26.8339,0,0,
314804042,51.22969,4.299861,0,0,
488688374,36.86095,1.003526,0,0,
588729065,1.372222,39.40279,0,0,
488679042,4.382902,41.50828,0,0,
599177740,35.80192,10.68386,0,0,
579662784,3.181941,-10.6306,0,3,
480169202,2.962698,41.9426,0,0,
502267531,47.32602,10.82567,0,0,
488428837,-7.07948,0.428305,0,0,
502367941,15.97932,30.30547,0,0,
497590510,14.96883,-26.2623,0,0,
517974394,38.43531,2.746286,0,0,
484738748,46.42574,-1.10855,0,0,
507101551,45.54881,-16.9661,0,0,
515202564,35.1186,9.242994,0,0,
560678143,11.23647,42.99368,0,3,
322723785,29.83442,-4.37485,0,0,
476457450,41.6294,22.71407,0,0,
477127614,19.9381,26.84914,0,0,
589452470,37.66507,-0.24099,0,3,
562965437,6.179152,17.67353,0,0,
490263211,18.69532,-14.6273,0,0,
509003464,4.948542,-10.267,0,0,
605141937,44.32952,-15.9614,0,0,
589128331,10.22942,29.97248,0,0,
573410831,34.88931,15.87785,0,3,
572827931,5.862791,31.56273,0,0,
558474375,31.90276,30.24039,0,0,
490172112,53.60734,13.68335,0,0,
490916919,16.26204,-27.0378,0,0,
486198953,-5.67722,-29.1479,0,0,
471129934,22.29623,-15.0571,0,0,
524850271,23.89973,-23.5855,0,0,
487445455,30.87026,-11.4197,0,0,
486025194,41.68632,19.89829,0,0,
584635215,22.37586,-21.0195,0,0,
508887004,14.87693,-6.51037,0,0,
485934207,21.67544,29.03258,0,0,
515949222,26.08349,-8.01545,0,0,
577813827,6.403997,-18.9035,0,0,
478500297,21.40225,25.45741,0,0,
490283114,40.12695,-9.8076,0,0,
502100978,44.53715,-12.2552,0,0,
585018101,15.61623,-25.4141,0,0,
517977609,32.72857,-1.68353,0,0,
369697038,31.74613,1.135495,0,0,
479225294,23.8872,24.72942,0,0,
476053392,21.97467,24.00154,0,0,
569664731,25.54774,0.067245,0,0,
486029942,30.23233,12.25147,0,0,
580007431,57.17677,-9.93067,0,0,
464326158,63.01922,2.765891,0,0,
559104842,63.44382,-7.37282,0,0,
595511209,29.47923,-18.491,0,0,
566991946,22.82121,-22.6458,0,0,
569424261,40.95336,12.4273,0,0,
322762730,9.065895,-10.313,0,0,
486235288,37.48251,17.17906,0,0,
590556126,0.720888,0.854175,0,3,
513879001,55.72858,-12.9535,0,0,
478447600,26.69202,-14.4332,0,0,
485468180,31.40398,23.69367,0,0,
515435668,56.79834,-5.7193,0,0,
502193385,16.58533,11.15542,0,0,
314857059,34.69546,-27.4508,0,0,
479150681,34.84217,21.70185,0,0,
479721491,31.3901,10.74917,0,0,
560599530,41.57974,-2.78999,0,0,
604130772,33.32792,18.44041,0,0,
584635140,25.99856,6.586426,0,0,
503595332,56.54066,11.9912,0,0,
559387643,28.11592,-25.6932,0,0,
466827702,47.80573,10.29831,0,0,
501951290,47.65408,9.213847,0,0,
479993900,8.609944,-11.5953,0,0,
571292875,-3.80561,-23.7173,0,3,
475848827,-26.1788,21.25294,0,0,
490966322,33.98989,23.42329,0,0,
504643398,37.58394,-7.85848,0,0,
484515166,21.72699,19.27235,0,0,
580632959,32.41128,-10.7272,0,0,
585058163,44.22169,-9.42778,0,0,
584636981,24.00095,-15.4169,0,0,
480114344,54.92555,-10.9483,0,0,
486508983,20.45568,-19.7098,0,0,
488680211,2.499797,-12.1365,0,0,
569317896,39.03642,-13.0942,0,0,
476269122,29.50165,2.033462,0,0,
513510227,58.71608,-5.51849,0,0,
568560561,32.72805,-24.7558,0,0,
563028422,38.31197,-18.4113,0,0,
479492633,43.88421,-13.3947,0,0,
513803975,32.23927,-1.96829,0,0,
589760138,13.36424,0.283646,0,0,
486196663,34.17413,1.527123,0,0,
573699058,-4.16306,-20.9569,0,0,
501886192,54.17947,-7.11453,0,0,
501848265,32.71783,-9.61825,0,0,
558476932,57.63692,5.753469,0,0,
325479788,43.49396,-1.29836,0,0,
486262299,28.20315,-11.1991,0,0,
485905411,0.139784,-14.001,0,0,
580010290,50.75271,-2.18315,0,0,
502143149,45.29816,13.4445,0,0,
488697163,47.28589,-6.52754,0,0,
557673526,8.898239,46.05714,0,0,
486246801,15.14955,-8.21222,0,0,
490718897,1.564199,-18.1384,0,0,
572609348,-3.14007,35.15856,0,0,
490263438,5.146861,-11.0606,0,0,
478586425,26.76762,-12.9939,0,0,
604626428,22.23631,-28.1783,0,0,
485577686,27.15927,10.81215,0,0,
329557305,33.31254,0.263246,0,0,
480008325,39.09165,22.26086,0,0,
560924300,15.27569,-6.10119,0,0,
589441038,1.070186,34.4046,0,0,
329554392,22.82866,-24.789,0,0,
588711875,51.75251,1.932082,0,0,
505808144,17.64076,-15.1625,0,0,
485955037,22.34239,20.72906,0,0,
325158873,28.36108,-20.8858,0,0,
486176465,51.4563,-17.6072,0,0,
485574721,34.73133,18.06842,0,0,
501850666,14.16608,26.46875,0,0,
487353993,23.64104,27.85607,0,0,
569653118,7.261692,34.68158,0,0,
486191673,14.72812,-25.0216,0,0,
528486009,58.96682,-3.92709,0,0,
562382445,-18.2929,15.34696,0,0,
500963059,41.91306,4.865293,0,0,
318733871,36.17003,-15.2533,0,0,
503286448,6.144429,-4.04767,0,0,
502260112,34.01434,-6.44866,0,0,
513800575,21.50926,-17.5392,0,0,
573082177,2.19847,-16.4441,0,0,
485570372,27.57842,-2.35581,0,0,
510451636,34.98986,-2.15342,0,0,
476178907,26.67249,20.40429,0,0,
490376252,7.788292,37.48771,0,0,
518271679,34.83252,17.28364,0,0,
530204927,15.10392,27.93405,0,0,
569470171,13.9441,-6.00665,0,0,
578938153,49.57824,-17.1073,0,0,
490982660,5.204552,-22.1949,0,0,
325471170,-6.07764,-59.7736,0,0,
482910438,56.60894,16.63732,0,0,
558615201,20.65304,0.27928,0,0,
489754156,20.36672,12.09018,0,0,
489888847,21.24508,25.25824,0,0,
515986607,1.242974,-18.1024,0,0,
535520969,61.66483,-3.3597,0,0,
505795846,45.81912,-21.9247,0,0,
565871856,50.37706,-16.9633,0,0,
556687527,40.14366,-2.95674,0,0,
476452460,39.65295,9.335649,0,0,
559388218,11.42732,10.52316,0,0,
468120757,8.748834,-17.7262,0,0,
313861828,49.05005,-5.80414,0,0,
488689403,8.422168,45.22224,0,0,
321923492,35.98834,-9.38258,0,0,
370351753,30.76384,-1.29693,0,0,
572609025,4.977305,35.64201,0,0,
501023852,39.22337,-1.0855,0,0,
480121089,45.20976,-6.9771,0,0,
323838579,45.01745,14.59925,0,0,
469734859,26.73745,-4.93881,0,0,
485955982,24.37719,2.906848,0,0,
598628992,53.45524,-10.1183,0,0,
599170940,30.77833,-16.321,0,0,
349621141,38.3676,-4.27071,0,0,
504567071,37.79499,-11.2171,0,0,
569715141,57.72317,1.666562,0,0,
464079491,32.32425,15.40654,0,0,
573086094,6.761634,30.7745,0,0,
557859470,62.84912,-4.30553,0,0,
589427435,59.11556,-9.91446,0,0,
386970660,46.26418,0.904823,0,0,
588699048,5.32251,-35.0436,0,0,
488420599,17.4296,-3.03076,0,0,
329550137,44.36054,-15.9427,0,0,
397353539,24.88525,-10.254,0,0,
515199779,9.571605,-0.65261,0,0,
504635521,14.37812,26.86208,0,0,
513514828,3.975716,-7.58207,0,0,
601294900,37.28452,7.335604,0,0,
479766169,6.671322,-7.35793,0,0,
515249852,6.900791,40.60156,0,0,
605660220,21.18886,2.077236,0,0,
485490864,7.915356,21.24567,0,0,
485887209,27.09714,3.714582,0,0,
560968319,23.68767,-3.42092,0,0,
487446992,32.29424,-13.7006,0,0,
565397408,53.92511,-15.9424,0,0,
477930684,6.41355,34.43923,0,0,
563338541,8.15809,21.21316,0,0,
515462796,61.99302,-3.18254,0,0,
501891177,-7.88429,-0.33843,0,0,
500964358,40.45927,4.230641,0,0,
604134393,38.2897,-0.37346,0,0,
482905575,28.82077,1.164271,0,0,
504613416,2.922192,-18.107,0,0,
503814817,3.97176,-14.6677,0,0,
562185938,35.01028,5.884055,0,0,
489923501,-2.34303,-40.4902,0,0,
599393756,41.51998,-19.7176,0,0,
557203722,7.380906,-37.8979,0,5,
584073525,35.95834,11.65468,0,0,
502245101,42.30369,7.103923,0,0,
563353582,33.98822,13.39571,0,0,
476056333,46.93951,-13.0509,0,0,
482726727,37.05779,4.741703,0,0,
490267219,38.37252,6.161739,0,0,
580634942,9.882129,-14.7595,0,0,
596789749,27.00621,-26.1233,0,3,
480122859,34.77061,19.82738,0,0,
476198393,33.71666,-17.0577,0,0,
588728161,21.88481,34.547,0,0,
526573598,12.85324,31.57058,0,0,
563336705,51.72365,15.18797,0,0,
471789504,6.565058,-16.7219,0,0,
581741836,33.95847,-23.2199,0,0,
566517779,19.65472,2.38678,0,0,
324521027,38.33831,16.95777,0,0,
500964382,37.00964,18.40538,0,0,
502366405,6.759617,39.69214,0,0,
558583839,-1.59693,2.353031,0,0,
483092310,27.95082,-19.5463,0,0,
563220277,1.821316,36.31548,0,0,
502359001,48.84305,9.907488,0,0,
514544971,43.06021,5.390367,0,0,
320654829,34.04215,-27.7119,0,0,
504647603,35.89616,-7.26332,0,0,
325480372,27.80321,13.61062,0,0,
500859045,33.72779,-5.70693,0,0,
367567889,22.57899,12.04815,0,0,
486111903,3.291821,33.27282,0,0,
329554301,14.17146,-12.8845,0,0,
562385794,19.8375,-28.1841,0,0,
323777372,6.016324,14.88117,0,0,
502887600,28.14451,25.9797,0,0,
480778441,46.30955,9.080072,0,0,
490259892,9.924891,-12.9119,0,0,
480116737,64.5072,5.223117,0,0,
503517607,9.447545,19.56664,0,0,
490733962,-0.62645,38.78139,0,0,
557242105,48.53141,23.17658,0,0,
584271064,50.83935,-17.3376,0,0,
484564503,20.70245,-14.4268,0,0,
598631490,48.31355,23.49179,0,5,
589128508,2.439435,36.73299,0,0,
599222852,27.24676,28.99113,0,0,
476550499,8.302651,-16.0322,0,0,
502999078,36.97352,-10.1128,0,0,
526951157,12.98683,12.55205,0,0,
573699831,0.616296,33.50434,0,0,
485889190,21.38075,24.0689,0,0,
490267468,19.67407,10.92611,0,0,
560579916,2.522593,-15.2052,0,0,
483020137,19.36421,24.07965,0,0,
515511110,12.72211,-1.85269,0,0,
486753754,16.078,16.13806,0,0,
500955426,41.17481,3.865072,0,0,
490170480,19.26277,31.94851,0,0,
502993826,42.62292,-1.02571,0,0,
501014504,13.63635,41.83168,0,0,
325941643,56.9263,-16.1005,0,0,
486776965,35.18953,7.818503,0,0,
502665074,18.89096,32.43156,0,0,
502383543,60.95853,-7.85832,0,0,
469864405,40.72976,-7.33902,0,0,
510946335,63.74027,4.51039,0,0,
501895840,24.21882,32.39879,0,0,
580612566,54.11225,-8.37395,0,0,
565870964,56.80614,1.252051,0,0,
473111617,28.94244,5.230256,0,0,
566720165,23.03408,-3.28343,0,0,
395785266,30.95225,-7.35312,0,0,
507918877,1.506254,-19.4686,0,0,
497611660,-0.35875,-18.9234,0,0,
422055317,38.00804,18.96681,0,0,
502978383,27.79265,-14.6055,0,0,
526946778,63.32411,-4.69289,0,0,
565858209,58.0542,5.651809,0,0,
513877604,30.28116,17.69546,0,0,
505847801,33.29446,13.75495,0,0,
596282602,37.54483,9.291597,0,0,
476266853,15.07531,9.984388,0,0,
579981789,11.56741,30.17423,0,5,
486132712,3.120354,39.04159,0,0,
509875338,10.41969,-10.2918,0,0,
477862382,20.20936,-25.4412,0,0,
479728896,36.88356,4.413482,0,0,
488698341,3.597702,34.08896,0,0,
508566646,34.83725,16.61819,0,0,
318808427,26.64824,-7.854,0,0,
479179020,23.67831,28.08972,0,0,
396903166,36.38552,-17.6603,0,0,
489888898,28.77725,-6.36634,0,0,
539742766,-1.45835,-16.0043,0,0,
486146717,38.28392,-14.1982,0,0,
584628220,52.35218,19.72182,0,0,
323788096,53.2563,7.944833,0,0,
508883033,14.94337,-17.6475,0,0,
486502127,48.26918,-2.75978,0,0,
476616076,19.34722,21.46925,0,0,
487447111,40.11549,-8.93991,0,0,
479682071,28.25668,-7.39191,0,0,
579452260,-3.97232,38.04335,0,0,
490772223,5.844774,42.80587,0,0,
588402092,23.94748,0.213238,0,0,
516916566,49.11972,6.399804,0,0,
480351780,2.016745,29.37966,0,0,
567399060,31.99954,15.54484,0,0,
508980706,-1.97493,-19.6072,0,0,
563226105,25.59462,37.3031,0,0,
607124114,56.30145,-13.5958,0,0,
320207387,20.71955,-15.23,0,0,
486108147,29.15058,-5.21056,0,0,
486893033,27.58078,-18.3394,0,0,
573680326,48.16932,2.107756,0,3,
314822529,15.43205,2.336412,0,0,
555060623,22.59288,-21.5824,0,0,
487358945,50.07509,-9.15132,0,0,
324065524,20.48866,-19.6887,0,0,
588712191,56.04861,-7.90333,0,0,
563350008,33.51488,8.070424,0,0,
324025371,36.87911,-16.9961,0,0,
483099796,56.3905,-2.35278,0,0,
501847931,3.636482,-2.02755,0,0,
490624177,17.26477,9.70669,0,0,
489885173,20.4472,10.53908,0,0,
579652000,24.01079,-1.02879,0,3,
518238899,36.52788,-20.2914,0,0,
314900022,18.94382,-5.10375,0,0,
569477234,20.20113,-1.73876,0,0,
321906005,39.83598,1.685353,0,0,
476054829,30.52606,15.63835,0,0,
556524816,15.84538,32.82546,0,5,
584254833,49.98273,-12.8089,0,0,
572609644,5.107053,32.5552,0,0,
507770911,20.18272,-12.4227,0,0,
501839495,27.95507,10.9712,0,0,
471758398,14.49187,-17.5338,0,0,
523729022,15.63274,2.233051,0,0,
490205998,26.61079,11.28846,0,0,
555354254,18.56845,14.44936,0,0,
320836481,46.92953,-9.2278,0,0,
512319604,60.69768,3.168388,0,0,
571306508,43.62011,10.15038,0,3,
506133241,29.88019,-6.46732,0,0,
322781822,51.66801,-0.67342,0,0,
501845630,51.50514,-5.37406,0,0,
522696638,9.246413,-8.96664,0,0,
488117124,35.8988,8.006238,0,0,
562534419,30.79184,-19.8501,0,0,
521399472,49.53043,9.361093,0,0,
322761772,39.0644,2.912139,0,0,
515188639,19.61812,-24.1942,0,0,
314800921,22.0289,-29.0374,0,0,
559222019,-1.1212,-1.84098,0,0,
559221786,11.32929,-17.7212,0,0,
356237593,36.38465,-5.34383,0,0,
486146828,46.40044,8.721917,0,0,
526946319,13.91313,30.68827,0,0,
476051620,39.2471,14.72807,0,0,
479298821,40.72308,24.91044,0,0,
385492488,42.44198,1.93254,0,0,
501562903,4.471924,-16.4793,0,0,
488501165,45.13524,17.19205,0,0,
321013314,43.53018,-5.35572,0,0,
489753277,34.93662,-3.86384,0,0,
471767045,2.645328,37.95143,0,0,
485610263,31.45589,19.40562,0,0,
556369531,63.24589,3.627059,0,0,
469798159,40.2046,6.745339,0,0,
513579447,45.31194,2.557541,0,0,
486560376,21.19432,26.48231,0,0,
313861677,32.3731,-6.39451,0,0,
480090260,40.89822,-5.69515,0,0,
558675895,17.63686,-27.246,0,0,
521938313,37.37096,-11.1211,0,0,
479722622,5.401147,38.48719,0,0,
569730838,34.31807,15.16714,0,0,
467357834,26.19472,-12.6063,0,0,
562731565,28.2529,-25.6861,0,0,
502647640,49.04219,3.22503,0,0,
510702304,18.23906,-11.6366,0,0,
517647182,50.84563,4.450357,0,0,
506226516,24.52137,-1.84572,0,0,
509885554,25.53828,-29.192,0,0,
422738880,29.63297,-0.0352,0,0,
502667140,58.91827,-2.81762,0,0,
501845152,7.4796,-20.9362,0,0,
476129135,48.36297,22.04781,0,0,
479015224,41.16871,-12.6388,0,0,
490612150,4.467558,-2.94719,0,0,
480169278,31.22677,21.47649,0,0,
476455864,48.28345,-4.39287,0,0,
575299891,-1.47859,0.825411,0,5,
488687894,4.000559,-18.7594,0,0,
515464483,32.52441,28.40467,0,0,
562999984,18.73236,-7.59431,0,0,
569710450,18.73918,-24.413,0,0,
324053519,50.84799,-11.8099,0,0,
471143169,31.02991,4.865512,0,0,
556926517,57.75862,11.26579,0,5,
313861934,37.46506,27.94148,0,0,
483101699,37.29485,10.20438,0,0,
486756093,20.79768,10.13578,0,0,
484659182,11.25014,44.69778,0,0,
571295641,5.707325,-9.46653,0,3,
569609830,15.96173,5.68362,0,5,
483019067,22.32291,19.06473,0,0,
557992635,36.48336,-19.5967,0,0,
320639930,34.69553,0.915382,0,0,
485608017,22.48797,29.76885,0,0,
589442285,10.44675,43.20646,0,0,
490612844,-3.20818,-24.0323,0,0,
471819401,0.707158,-10.9613,0,0,
628700262,50.20353,15.05497,0,0,
490558274,-3.94098,36.5984,0,0,
522152249,0.244037,-25.517,0,0,
580149939,43.73761,23.28751,0,3,
554454458,15.76903,3.154477,0,0,
325464516,50.05164,-7.54503,0,0,
320880293,21.55364,5.748458,0,0,
579627022,5.102889,-7.72454,0,5,
560581448,10.81854,-12.4757,0,0,
477135941,47.38263,13.29961,0,0,
589764355,-2.40026,35.55832,0,0,
473601979,13.40713,-5.75466,0,0,
579611637,10.55109,9.407864,0,5,
473642382,19.92105,-11.3634,0,0,
469800845,26.75279,-17.5062,0,0,
487664663,-1.46574,3.979199,0,0,
329550277,21.42913,10.00509,0,0,
513843815,23.31835,20.57467,0,0,
475751758,40.31784,17.69201,0,0,
502597328,48.64497,13.31794,0,0,
314617802,58.7306,10.68651,0,0,
575300383,6.336343,-10.0368,0,5,
469832490,-13.3401,-64.0177,0,0,
557996299,55.95232,16.94216,0,0,
476263004,3.677962,-4.04714,0,0,
488676149,10.41515,-7.86744,0,0,
502808270,27.82203,26.58739,0,0,
568951556,52.73938,19.13438,0,3,
518290966,32.02342,13.72786,0,0,
490264167,10.24394,-3.0669,0,0,
500961697,31.57568,8.075134,0,0,
566728192,4.828162,-15.3604,0,0,
475838754,21.8675,-15.8826,0,0,
480266505,3.214027,40.01663,0,0,
522301604,17.61576,32.2417,0,0,
479225052,-1.16345,40.18788,0,0,
479492800,3.961214,39.91108,0,0,
586073895,16.02378,-19.2336,0,0,
476562817,23.42079,24.34795,0,0,
489259263,46.23021,12.65778,0,0,
490601284,23.22432,31.60362,0,0,
530325234,63.91257,0.146415,0,0,
466800233,33.31008,-4.87977,0,0,
471786879,6.102013,-11.7659,0,0,
475459689,41.57378,-8.78406,0,0,
480169178,27.92567,12.58856,0,0,
505200218,35.73884,13.87171,0,0,
521409057,45.70398,17.97475,0,0,
563175057,32.92997,-18.3816,0,0,
556363725,32.82625,12.39,0,0,
486106720,33.02652,-8.21405,0,0,
326508751,10.09932,43.63071,0,0,
483057325,33.85265,-9.96902,0,0,
574269602,29.81791,-17.2527,0,0,
476525478,22.92753,-11.312,0,0,
485911892,54.12135,-14.9995,0,0,
517077548,1.141573,-27.6703,0,0,
395830185,45.5971,8.491956,0,0,
487663469,5.099419,40.40326,0,0,
504913842,44.17276,1.958633,0,0,
485570335,43.80765,-3.69267,0,0,
504179737,55.53162,-4.17124,0,0,
521958756,47.95033,2.912713,0,0,
471131311,0.136107,40.17077,0,0,
488688344,-32.1308,-28.366,0,0,
604142045,38.91985,10.96214,0,0,
501841672,2.987072,-3.51557,0,0,
485288679,7.614702,-16.1025,0,0,
578894262,25.91835,-28.3584,0,0,
555356054,-48.7342,9.946802,0,0,
488695444,28.69109,14.908,0,0,
565778331,2.109455,37.51495,0,5,
557864274,21.11826,1.852411,0,0,
565698986,6.013982,-16.5,0,5,
515056927,43.99151,6.48316,0,0,
486510127,19.82974,12.47187,0,0,
505476170,40.64978,-2.67367,0,0,
584637407,25.27286,6.114684,0,0,
476619123,49.07918,5.623779,0,0,
478499902,44.69536,-3.04853,0,0,
568990770,40.63055,-19.0838,0,3,
502143555,47.91618,-16.7604,0,0,
505202906,24.27375,-9.69424,0,0,
501842713,-2.04559,34.601,0,0,
561790658,-8.1521,-17.954,0,0,
506777471,34.75872,6.520364,0,0,
508276760,55.85803,-2.48688,0,0,
486178939,13.52019,-1.22092,0,0,
569469018,24.00277,1.445722,0,0,
479303890,6.091969,43.55204,0,0,
466378900,19.40701,7.960473,0,0,
489753228,23.06669,-6.2847,0,0,
526668864,-4.84187,2.892871,0,0,
557679003,-4.55492,-24.181,0,0,
313861794,34.0399,-14.7283,0,0,
486472847,37.57457,-1.43045,0,0,
497583188,42.33266,14.53809,0,0,
314642645,44.16095,11.06732,0,0,
482652174,38.93415,-3.83761,0,0,
485838981,2.684946,33.82877,0,0,
528501887,58.25642,-0.56955,0,0,
579263604,12.73158,41.4105,0,0,
577883225,29.58798,-14.7839,0,0,
558612809,21.79715,-24.5979,0,0,
483091861,51.78589,-4.94742,0,0,
469803127,41.96313,-13.1863,0,0,
490171952,30.93828,-11.1705,0,0,
560579320,10.93434,-20.7894,0,0,
565480987,-0.0502,-14.6705,0,5,
382982932,8.269823,-34.2974,0,0,
325903081,6.934037,-34.917,0,0,
503582237,-1.57135,-17.2931,0,0,
488680917,-0.01577,36.29027,0,0,
578938449,26.10564,-6.01244,0,0,
480648382,20.72257,8.277714,0,0,
489751959,25.74088,12.79221,0,0,
569441208,48.21999,53.698,0,0,
479415457,38.70944,13.05073,0,0,
475400072,39.25256,-8.50039,0,0,
563180078,41.33331,0.034743,0,0,
580005568,58.01313,-3.68535,0,0,
504614622,33.50441,16.31537,0,0,
485912047,22.77199,12.00449,0,0,
572996777,7.153728,12.3658,0,0,
508987256,-0.67047,-18.2718,0,0,
485958978,23.9531,14.65591,0,0,
569252686,18.75579,1.336781,0,5,
488471111,26.05499,15.32748,0,0,
468193142,22.65853,-12.927,0,0,
572804610,15.95538,46.63382,0,0,
490626827,18.10906,9.563702,0,0,
490385956,6.465445,21.93771,0,0,
569706189,55.28327,0.529613,0,0,
623474400,12.68938,44.27442,0,0,
489731121,23.25372,-8.59065,0,0,
589444632,6.029616,-15.8863,0,3,
626158872,49.98055,15.58728,0,0,
468054671,47.76661,7.738757,0,0,
485931158,27.46666,-11.5003,0,0,
488689365,39.31544,-14.8751,0,0,
479013100,46.05874,-2.09578,0,0,
572798509,22.45951,14.97541,0,0,
488430421,5.426298,-19.0192,0,0,
479010903,37.03949,20.31397,0,1,
557417271,36.27414,-0.58544,0,0,
555251867,-44.8355,7.310784,0,0,
623893177,58.31118,-6.16547,0,0,
329549957,31.47232,-4.41146,0,0,
476557750,26.81511,20.56003,0,0,
589755198,1.755076,35.19364,0,0,
314529406,45.37427,5.851159,0,0,
386049446,47.60241,11.84531,0,0,
488426904,5.651934,-3.87711,0,0,
502873181,49.61347,12.3235,0,0,
469803003,34.84572,3.250557,0,0,
479225080,30.90439,11.96522,0,0,
589118831,60.18509,0.067091,0,0,
510136749,65.96882,-6.17951,0,0,
476131588,41.27039,-24.672,0,0,
513832252,33.25853,6.464237,0,0,
489751692,19.48953,7.549551,0,0,
465924786,43.77084,12.07518,0,0,
488359338,17.6557,-8.76732,0,0,
497499510,48.04404,-18.229,0,3,
487661754,-5.35897,-1.01482,0,0,
479508018,26.58227,16.53381,0,0,
485578197,1.622995,-13.7663,0,0,
485574832,2.691216,41.07647,0,0,
478586295,-21.6994,-19.5456,0,0,
480798873,27.29967,15.62367,0,0,
478497530,38.47082,21.67393,0,0,
577854506,42.74898,-8.78836,0,0,
321893798,37.04507,-6.80476,0,0,
565778579,54.09778,-16.865,0,5,
485339983,3.448813,-6.31773,0,0,
483061182,33.44109,-15.6181,0,0,
532571720,62.66975,-6.7718,0,0,
500857324,34.3624,11.77688,0,0,
476049169,14.12971,-13.2075,0,0,
603411614,32.99629,4.183803,0,0,
568582664,2.72763,32.2993,0,0,
605631509,29.07984,7.677233,0,0,
590556221,-2.91327,1.129473,0,3,
324025297,44.44478,0.680441,0,0,
488432250,10.68681,-12.2977,0,0,
564795087,0.014196,38.39994,0,5,
602822298,-8.8051,-39.6315,0,0,
569703486,4.745833,37.31138,0,0,
320668879,55.27501,-11.4448,0,0,
480268803,44.45479,3.622804,0,0,
509005331,-6.69168,0.845554,0,0,
485579168,15.48281,-17.4506,0,0,
485954440,37.59212,11.38335,0,0,
485911966,26.72415,21.45535,0,0,
578517537,46.41201,1.937224,0,0,
488430487,6.282444,-4.93412,0,0,
485182362,2.156548,-27.5986,0,0,
480003970,-1.00443,41.18771,0,0,
502269786,17.7881,10.2799,0,0,
467703703,45.40361,8.02517,0,0,
395851985,46.48692,12.72761,0,0,
599334696,52.1157,-7.53883,0,0,
488569196,-17.5971,-42.6275,0,0,
480643417,23.11481,8.362724,0,0,
628123780,40.80279,12.43823,0,0,
396903227,36.51973,-3.32358,0,0,
526950199,38.04593,53.75914,0,0,
508911693,4.361087,35.64966,0,0,
573660880,33.63865,11.72385,0,3,
501848315,49.03849,15.43785,0,0,
476054887,27.35914,3.73544,0,0,
482809953,27.73412,20.70026,0,0,
486110216,17.08092,-25.8032,0,0,
557252022,11.3472,32.77214,0,0,
560373629,1.899524,-7.83163,0,0,
502359348,-3.28727,-40.263,0,0,
510114363,60.47849,-8.35422,0,0,
484737013,39.61966,-10.9255,0,0,
502144146,45.11914,1.670881,0,0,
517752298,33.81987,-12.6499,0,0,
567431416,39.0807,-11.4111,0,0,
354190013,16.77178,-2.58568,0,0,
488419491,22.19906,30.32723,0,0,
325853048,41.87338,14.2768,0,0,
486236426,2.931811,43.01106,0,0,
573323612,22.75077,-29.2277,0,0,
571306690,32.09959,-14.3423,0,3,
527826878,34.06071,9.490691,0,0,
485956826,25.22306,3.735669,0,0,
501022658,19.87842,16.66573,0,0,
349593629,59.66805,11.67821,0,0,
527864026,56.45851,0.083463,0,0,
569651358,3.828947,15.55662,0,0,
513531471,33.22342,-15.0405,0,0,
397354239,30.97641,5.943389,0,0,
490576429,-3.69406,38.09104,0,0,
558660968,42.70033,23.12774,0,0,
479711015,25.20094,-14.3071,0,0,
623308514,9.317994,41.66504,0,0,
397348126,28.51629,-0.79337,0,0,
575201827,64.55445,-6.01666,0,0,
534524026,33.18097,29.01113,0,0,
483027960,19.43659,19.9199,0,0,
507100117,38.51611,-6.04113,0,0,
508275137,-0.10802,-16.1152,0,0,
490626718,18.88175,11.10487,0,0,
486175203,34.3914,-4.2283,0,0,
471800189,8.893529,51.80008,0,0,
466431949,34.97781,-20.4963,0,0,
572608696,4.317765,32.37241,0,0,
555241875,19.06037,0.981989,0,0,
466632464,9.065775,-10.3131,0,0,
626159623,44.02055,30.28755,0,0,
483109334,41.61188,-10.3081,0,0,
557992762,35.23869,10.41476,0,0,
557202210,-5.32172,-22.0843,0,5,
517981878,18.58255,-23.6284,0,0,
313860745,8.192757,26.11664,0,0,
515524026,24.14848,-23.5232,0,0,
486054618,48.91333,-23.4481,0,0,
557852711,3.256583,-7.8733,0,0,
485955227,18.80852,-9.28967,0,0,
490712265,49.80954,-2.98438,0,0,
588705882,25.2583,-0.2638,0,0,
530349764,20.77034,2.870673,0,0,
490779678,8.3428,44.52947,0,0,
476216637,17.84647,-0.19493,0,0,
565863515,53.97495,0.166567,0,0,
584682764,59.81309,-5.44712,0,0,
314800874,12.38801,-7.36922,0,0,
485161419,39.70952,18.6568,0,2,
527116037,12.39273,11.53814,0,0,
505798354,46.53585,0.726081,0,0,
486052980,0.359897,41.85252,0,0,
566751810,55.31197,3.153851,0,0,
484770879,33.56072,-1.37183,0,0,
507996688,28.10572,-18.4177,0,0,
479704527,52.57097,-9.97309,0,0,
483083080,-81.0187,-1.90392,0,0,
500894271,34.44778,-7.40826,0,0,
485836906,34.31698,3.281867,0,0,
515059388,56.85843,10.96668,0,0,
521625948,45.74774,18.73708,0,0,
370694659,31.07294,4.036143,0,0,
501956013,55.0695,1.09329,0,0,
485287944,6.112935,-12.3194,0,0,
313862022,56.32143,57.9675,0,0,
573702137,33.26794,-24.1816,0,0,
584680861,50.69854,-12.5712,0,0,
320668841,37.04421,12.50327,0,0,
556669671,36.10822,18.39031,0,0,
530335449,59.96138,-2.00569,0,0,
510395901,63.69682,-1.44854,0,0,
502574847,32.85577,-9.20957,0,0,
324053705,28.56768,17.46959,0,0,
469761118,30.86936,-6.57282,0,0,
517645929,44.57613,0.098823,0,0,
485884503,30.25844,-5.53061,0,0,
354833767,17.10702,5.520929,0,0,
475330208,5.751595,1.128537,0,0,
485932822,18.28499,6.958139,0,0,
476086391,18.55751,-16.8518,0,0,
560594898,43.65349,-12.8994,0,0,
580624725,1.037018,39.98609,0,0,
480364000,39.37232,20.83508,0,0,
478588073,56.62448,-17.1535,0,0,
490931049,51.20316,19.50149,0,0,
558662244,41.61583,11.60852,0,0,
516086402,11.08924,9.245509,0,0,
348592897,40.74267,22.39837,0,0,
563002088,40.06814,-16.7849,0,0,
573322633,-4.78408,-18.288,0,0,
564408650,15.40921,16.77787,0,5,
517982558,25.87862,30.03973,0,0,
478888052,28.61131,5.441876,0,0,
487659462,42.72588,-7.17462,0,0,
588697518,55.04613,10.85052,0,0,
480124551,14.67497,-14.9999,0,0,
509881736,62.61671,-0.66793,0,0,
322274121,9.714311,25.73311,0,0,
510106222,64.29944,-3.16324,0,0,
513591094,51.32138,-15.6511,0,0,
556356342,53.00308,10.54432,0,0,
476451456,39.11543,8.61842,0,0,
489887491,23.53508,15.0552,0,0,
563248177,41.33287,-16.852,0,0,
608108585,19.80215,-28.6393,0,0,
471410185,7.082501,-37.0301,0,0,
502829071,26.56873,30.71967,0,0,
475744706,3.239704,-44.4025,0,0,
488683425,4.571281,43.85304,0,0,
469763389,46.58218,14.44552,0,0,
555832536,20.81162,-2.14236,0,0,
580257315,52.27061,-12.0339,0,0,
510455612,28.79245,7.041143,0,0,
518287095,54.70246,-9.18288,0,0,
486239338,47.66067,33.10636,0,0,
325815086,52.59697,20.08213,0,0,
516881226,45.31498,-4.74224,0,0,
517753911,39.75353,4.772595,0,0,
480718588,29.87052,12.49119,0,0,
557403606,26.2136,9.276631,0,0,
485938494,5.133861,-4.09432,0,0,
580234482,56.32066,1.452477,0,0,
501566512,4.882303,-12.1341,0,0,
490485142,0.343936,-25.9474,0,0,
562424079,55.15326,-2.9346,0,5,
473020156,41.60536,-13.3961,0,0,
488467273,52.06507,-2.61018,0,0,
568584929,14.36382,-28.5496,0,0,
469720505,36.48265,-6.17611,0,0,
489752610,26.68829,22.68792,0,0,
324032509,36.93805,2.501525,0,0,
556910601,4.17053,-9.04156,0,5,
476144118,7.342452,-13.7969,0,0,
488434725,50.68867,8.883205,0,0,
589121138,6.975895,39.77895,0,0,
485880739,3.575507,38.4268,0,0,
477564985,43.37783,-5.36927,0,0,
501563275,9.072957,-7.77885,0,0,
471141261,54.86805,4.146015,0,0,
477129850,18.49174,16.48123,0,0,
603748061,49.24412,-12.3533,0,3,
469793303,54.08379,19.907,0,0,
505512874,19.71977,17.06382,0,0,
325919795,9.435987,25.80621,0,0,
322297406,39.15787,0.423516,0,0,
487664070,39.35782,0.971769,0,0,
488448839,11.38966,45.19151,0,0,
517319635,32.4014,-3.36155,0,0,
580203028,56.54987,3.170068,0,0,
507121819,44.60576,6.204713,0,0,
579462433,-3.58647,1.499384,0,0,
603423462,55.99025,3.740995,0,0,
603402458,57.57963,2.540126,0,0,
578917575,47.99717,-13.6671,0,0,
485835016,3.702519,37.53141,0,0,
478498617,25.27747,-6.3262,0,0,
478439166,32.27129,1.537267,0,0,
314831019,33.51852,10.38827,0,0,
484509440,29.96303,-2.68914,0,0,
565124865,2.362834,41.95115,0,5,
555088069,-36.1512,12.3575,0,0,
562541627,32.61462,-25.0683,0,0,
490916882,8.427506,44.2628,0,0,
480273887,31.19985,13.86626,0,0,
584146987,32.63547,8.424385,0,0,
467831649,31.01908,-9.02317,0,0,
486509644,34.7648,18.99794,0,0,
480792667,6.355446,-35.2274,0,0,
532355382,-1.38685,-1.64099,0,0,
503823047,51.74069,9.61551,0,0,
572735890,36.86762,-24.5485,0,0,
580194100,50.72148,-18.9926,0,0,
483068687,33.4883,21.39065,0,0,
488675026,11.8638,30.18455,0,0,
484559000,-2.18768,35.94461,0,0,
561792152,-25.0584,-25.449,0,0,
588695976,43.7155,29.57256,0,0,
469704261,-5.33585,-26.0323,0,0,
480705931,13.66096,-19.2361,0,0,
485834744,33.61781,3.81203,0,0,
490790207,-1.49652,38.70423,0,0,
476087653,31.57611,23.0858,0,0,
479683481,17.45664,-22.5992,0,0,
510702728,32.67904,17.00597,0,0,
488380827,16.84576,-9.45265,0,0,
486500736,26.05689,9.07436,0,0,
557037024,-2.34387,-17.4728,0,0,
568568071,58.23835,3.054135,0,0,
490259231,7.567448,-1.6866,0,0,
397345294,18.6922,-16.9583,0,0,
510658021,41.60513,4.333082,0,0,
589427013,-15.2448,-10.0373,0,0,
526643573,50.5338,14.31724,0,0,
397351623,39.19544,-6.45072,0,0,
557998843,42.31542,16.98475,0,0,
469661756,41.51883,3.05552,0,0,
485837504,29.56986,9.925096,0,0,
557874460,36.16326,14.92134,0,0,
522147522,3.466195,-9.76585,0,0,
486466923,20.62977,-10.5193,0,0,
501847408,56.74873,7.081515,0,0,
480647923,29.43597,-20.0727,0,0,
488462885,-8.06441,3.159068,0,0,
483018019,24.04214,30.59171,0,0,
486264574,19.8694,-11.4177,0,0,
479770916,-3.26763,40.776,0,0,
484679812,19.42542,19.90362,0,0,
558675748,51.10054,1.57418,0,0,
476823462,33.34037,-2.57479,0,0,
480171386,42.12397,20.81284,0,0,
476126528,41.29136,-24.6394,0,0,
502120615,44.96797,-11.1201,0,0,
487601493,37.54302,21.12084,0,0,
478892782,29.70248,-16.2577,0,0,
324532703,23.50262,16.26071,0,0,
476218657,38.91735,14.29163,0,0,
507914933,-0.15027,-32.3827,0,0,
514530024,45.94758,4.270641,0,0,
476048909,14.24589,-30.4067,0,0,
563220620,36.15313,-21.9574,0,0,
515771244,63.81699,-1.49189,0,0,
483024426,35.74402,3.878941,0,0,
485835055,5.318261,40.49479,0,0,
558472698,49.58874,-10.1965,0,0,
480353286,38.49203,21.02228,0,0,
577821067,18.50259,-20.7832,0,0,
564677541,1.208441,-15.314,0,5,
512322162,61.07479,-1.92317,0,0,
467003163,23.82891,19.09813,0,0,
525011903,32.15838,44.81059,1,0,
537256313,11.40163,15.00225,1,0,
519832676,45.96121,48.26449,1,0,
569095789,-43.5143,10.51561,1,0,
545608578,32.14597,51.40034,1,0,
561467633,27.35837,53.3694,1,0,
528706755,45.39397,43.44863,1,0,
530055374,48.58099,59.48021,1,0,
530097064,41.70289,48.36755,1,0,
488418919,37.46553,51.43227,1,0,
616647103,42.48732,50.05703,1,0,
601958555,24.38546,55.25724,1,0,
567776248,54.57206,34.00816,1,0,
542143598,48.09844,-2.73148,1,0,
531520401,32.46703,58.37368,1,0,
527942865,44.70942,60.85358,1,0,
539563223,40.34616,55.82043,1,0,
489308885,9.909774,14.77242,1,0,
508280385,50.88678,56.06215,1,0,
517673596,27.71021,56.08541,1,0,
528042185,52.16331,46.39108,1,0,
528638057,54.79888,45.18148,1,0,
601950719,44.14454,51.40849,1,0,
508282493,52.00658,50.01019,1,0,
529988200,30.17501,40.5619,1,0,
576132767,37.68453,52.40284,1,0,
587719226,41.97768,36.70882,1,0,
562381326,40.79765,53.07928,1,0,
528612139,41.10644,38.43171,1,0,
531517518,29.40757,63.00822,1,0,
613333217,47.53833,34.40959,1,0,
508421103,38.54076,31.8426,1,0,
569823971,41.45643,58.7749,1,0,
571508482,39.68627,41.49106,1,0,
530062215,41.22645,44.85345,1,0,
527891102,47.41868,57.84816,1,0,
519849529,56.20348,42.79136,1,0,
614230805,33.08516,57.64403,1,0,
488386431,10.40555,45.75847,1,0,
528631988,16.89514,-29.6507,1,0,
528601797,47.38829,41.1022,1,0,
488400701,0.542272,14.32648,1,0,
508413678,57.1035,42.35891,1,0,
614635228,43.48254,44.2239,1,0,
529908238,37.49242,50.07229,1,0,
531526662,21.50888,55.55392,1,0,
508410761,44.20939,57.59248,1,0,
530062268,-17.1605,28.13504,1,0,
537307503,28.74692,61.24772,1,0,
508285405,27.54732,49.17679,1,0,
548473051,26.93424,60.6328,1,0,
561464809,31.75048,30.42933,1,0,
571483807,38.28361,57.49427,1,0,
569101823,28.7298,54.52739,1,0,
548421866,26.46734,51.29628,1,0,
539540199,44.66073,60.22426,1,0,
531529716,31.37247,52.86578,1,0,
539563673,47.48677,59.91551,1,0,
528609885,45.86829,50.83496,1,0,
529856350,40.54325,54.49958,1,0,
545193484,-44.2913,15.24946,1,0,
508309649,17.70901,37.71135,1,0,
528617195,33.63918,44.15856,1,0,
528631714,49.38322,48.91686,1,0,
508390405,52.50576,50.63575,1,0,
526816192,-21.7852,22.81248,1,0,
571471295,46.96119,51.21108,1,0,
541566142,21.75265,49.24166,1,0,
587770251,36.65416,60.77683,1,0,
526785799,36.39389,46.53093,1,0,
614197612,24.06872,53.88295,1,0,
528697733,50.27259,38.23474,1,0,
508390609,41.76235,51.3985,1,0,
527901472,28.05461,62.0504,1,0,
548434716,27.22746,52.41123,1,0,
528038990,50.04488,37.67029,1,0,
548408551,39.09507,52.95774,1,0,
520470950,53.99899,56.83122,1,0,
567731428,47.44965,42.15569,1,0,
637034000,30.46805,34.85208,1,0,
545152345,-1.94031,15.86262,1,0,
569867780,13.09458,6.436621,1,0,
541545716,37.27272,36.23495,1,0,
545171030,27.14022,37.34343,1,0,
576090160,27.99178,54.78167,1,0,
528638602,37.48345,62.62867,1,0,
545206633,58.2498,-14.7764,1,0,
569869510,27.13271,45.26282,1,0,
571520182,10.08276,20.99745,1,0,
576132827,-43.9638,18.5944,1,0,
613442532,58.6142,-16.7944,1,0,
542086000,55.34228,44.01228,1,0,
571500474,37.65805,40.70358,1,0,
548494556,29.32326,55.58867,1,0,
614659629,35.63687,41.2702,1,0,
531532489,28.23621,58.18614,1,0,
528637071,58.86471,46.12906,1,0,
548459652,15.72292,54.37236,1,0,
517693603,31.44243,49.06088,1,0,
567763632,46.65375,49.54265,1,0,
520636424,48.3237,56.45087,1,0,
508376177,51.97259,49.31831,1,0,
539547437,36.2723,59.18169,1,0,
548473245,41.41081,61.03131,1,0,
541551362,37.40181,23.15834,1,0,
539661667,50.73529,57.73806,1,0,
527946361,30.55349,46.9889,1,0,
531526539,32.78165,46.65243,1,0,
539542218,49.02394,34.79611,1,0,
528671590,55.01236,37.78276,1,0,
569820026,25.11232,28.36248,1,0,
530058283,29.29623,48.93473,1,0,
525007375,30.56751,53.65035,1,0,
571450845,43.91712,52.03592,1,0,
613944404,30.98381,60.06008,1,0,
542131227,55.27295,38.62893,1,0,
587762000,34.76673,54.10041,1,0,
530094213,-5.73151,17.3855,1,0,
548461580,39.47642,51.77378,1,0,
541541635,30.9453,54.91849,1,0,
539578371,44.32446,59.90426,1,0,
569820130,22.49537,35.72619,1,0,
528758496,48.2238,47.7687,1,0,
539659702,60.36443,7.119239,1,0,
587784061,49.82015,24.26809,1,0,
529988599,40.67329,49.81458,1,0,
505689242,35.05189,44.63151,1,0,
528605746,40.69303,36.05467,1,0,
541548139,29.0215,41.78872,1,0,
576113488,28.94084,58.78271,1,0,
526714785,32.49646,53.50274,1,0,
528638213,54.83424,49.55409,1,0,
508400454,47.26862,49.15801,1,0,
571624532,36.72568,38.78901,1,0,
529979375,47.11167,58.7344,1,0,
596052605,43.82496,32.34699,1,0,
520470657,42.08094,56.48647,1,0,
508372969,33.67596,64.59746,1,0,
528617665,40.13519,31.03761,1,0,
508400049,-1.03019,13.80288,1,0,
508378649,-21.2776,22.67278,1,0,
508427757,3.879765,5.33938,1,0,
571485304,44.34734,50.31775,1,0,
528019077,48.13784,46.08263,1,0,
488707479,12.58259,-9.43597,1,0,
508417989,42.9147,41.86055,1,0,
526732858,34.74656,56.35178,1,0,
539560727,34.76391,49.14555,1,0,
531523709,29.85295,50.49985,1,0,
545188312,43.81352,55.27395,1,0,
537261100,34.4296,58.93776,1,0,
528025071,51.04361,38.50614,1,0,
529822280,35.50441,45.73048,1,0,
528613096,33.76878,56.35682,1,0,
571527806,51.50493,57.88582,1,0,
527922515,36.10885,38.3482,1,0,
542137330,50.04522,42.65018,1,0,
613445682,44.30493,36.78801,1,0,
520623958,53.5776,54.85927,1,0,
531517778,26.69854,61.74757,1,0,
571691416,30.28395,41.7709,1,0,
571735073,48.52031,36.72686,1,0,
526714733,35.74851,42.73186,1,0,
571427581,45.44645,52.04232,1,0,
526733569,34.46021,41.74532,1,0,
508380891,54.15601,48.80816,1,0,
569821470,48.55935,40.56782,1,0,
500955009,36.14028,45.51,1,0,
561466001,28.83818,43.85849,1,0,
541546139,33.62333,40.26146,1,0,
527907460,44.86118,53.87272,1,0,
611764247,10.40661,20.55305,1,0,
571426284,35.43143,42.63221,1,0,
517693519,21.69224,55.35519,1,0,
595562635,0.04242,47.08379,1,0,
561435279,23.31961,49.84047,1,0,
517673954,26.88562,54.78251,1,0,
571464200,38.50504,31.85992,1,0,
528643271,4.464937,5.187855,1,0,
571624971,48.41769,52.04285,1,0,
530022494,51.95993,47.06736,1,0,
571721440,40.75049,46.47381,1,0,
529845713,34.27058,51.01031,1,0,
571429412,37.87853,59.13599,1,0,
527930921,25.64767,62.73952,1,0,
558159992,39.47073,51.31052,1,0,
545227537,-0.29119,-21.7545,1,0,
587776508,41.31425,38.15882,1,0,
505692551,32.6366,42.45705,1,0,
537204107,49.03616,47.15471,1,0,
571644618,41.02122,45.51208,1,0,
541540569,35.75818,54.67286,1,0,
508305938,43.81614,48.23969,1,0,
525133308,52.71907,11.49896,1,0,
529898751,42.72049,51.19349,1,0,
537266147,34.63647,46.88237,1,0,
528022041,46.60579,55.48249,1,0,
508387918,37.3054,-21.5025,1,0,
531517732,32.2324,50.37661,1,0,
489315717,43.61311,42.51928,1,0,
508280017,26.99247,49.28718,1,0,
508411248,44.73927,43.35218,1,0,
569100745,26.25937,48.34603,1,0,
531526842,26.85181,59.15527,1,0,
562377597,46.97758,42.40572,1,0,
545208779,29.55805,57.63614,1,0,
527941296,45.22568,51.15987,1,0,
571520908,39.81995,41.72866,1,0,
537284228,38.67695,55.90426,1,0,
571517193,36.14139,55.94337,1,0,
539556162,26.86167,56.64871,1,0,
528611949,45.09907,39.18577,1,0,
526725807,35.23976,58.52494,1,0,
526727406,34.72594,39.38162,1,0,
571642127,46.98589,52.33629,1,0,
520615638,54.37307,52.55061,1,0,
539537094,47.00498,45.06546,1,0,
525023625,30.77604,56.83946,1,0,
528602977,33.28743,47.88277,1,0,
542141883,37.26792,61.32637,1,0,
548416317,38.34486,48.16197,1,0,
528759382,48.20646,58.36818,1,0,
539653924,38.38439,50.87155,1,0,
613438337,43.00286,37.22809,1,0,
528657972,4.199803,4.642836,1,0,
489315599,48.47918,38.63487,1,0,
508279351,51.23638,51.31676,1,0,
567738879,25.37125,56.37275,1,0,
528619307,45.80179,49.02975,1,0,
539571778,46.86045,40.3465,1,0,
520480180,51.4782,55.53923,1,0,
541551240,33.64153,54.13262,1,0,
569818704,46.41123,60.17655,1,0,
508309244,57.23689,47.68816,1,0,
508280093,36.15924,53.74585,1,0,
537297470,37.60515,56.53558,1,0,
508366192,54.48373,41.70856,1,0,
571430815,56.942,38.45544,1,0,
508405843,-1.15141,8.460711,1,0,
528020422,50.89537,45.67424,1,0,
527890048,33.96858,24.86886,1,0,
531523518,43.15878,61.36365,1,0,
529997668,33.92676,38.54606,1,0,
571666289,48.43501,45.6959,1,0,
541571148,29.49624,34.27326,1,0,
508381568,45.7601,56.34536,1,0,
520462275,-20.3371,23.26311,1,0,
526791834,15.20989,55.31425,1,0,
520454345,53.91717,53.2331,1,0,
611915585,51.51003,45.16418,1,0,
529897150,14.70021,55.8396,1,0,
545216846,56.49477,54.64626,1,0,
616837506,25.8432,53.06654,1,0,
526800653,24.88332,58.60339,1,0,
529826240,38.11659,43.45908,1,0,
571450870,36.9462,57.18723,1,0,
548440226,30.08032,62.24994,1,0,
519877177,32.93957,55.51419,1,0,
542174958,51.58796,44.31566,1,0,
592483575,44.15115,44.11632,1,0,
520631294,53.33139,53.82947,1,0,
537182609,37.31093,43.71737,1,0,
508359535,36.6267,54.83103,1,0,
537218493,25.46201,54.31258,1,0,
571654895,33.72743,38.00889,1,0,
576117916,41.82081,43.35429,1,0,
592472734,24.33931,49.3949,1,0,
488392806,33.73745,43.84437,1,0,
614726150,55.84633,38.83204,1,0,
548425467,32.92893,45.65965,1,0,
537313158,15.13194,41.69861,1,0,
508405972,47.45291,55.48003,1,0,
569107566,41.2534,35.84929,1,0,
528614014,44.98563,46.79253,1,0,
539537652,-51.6063,15.77382,1,0,
539539309,39.78877,58.11591,1,0,
548457754,29.40656,60.10929,1,0,
488402499,37.27661,41.83901,1,0,
541551399,30.86427,42.87323,1,0,
576101141,43.00478,29.11372,1,0,
528015670,-0.46095,14.03622,1,0,
531523484,32.59045,51.65955,1,0,
528623840,30.59132,47.46605,1,0,
541562659,28.443,62.56194,1,0,
541563728,35.28257,50.91693,1,0,
529878215,36.63293,49.60457,1,0,
562381210,43.02731,53.11663,1,0,
561437013,24.17551,64.55126,1,0,
558211203,-72.4617,9.060075,1,0,
576112128,23.72379,51.83656,1,0,
529863215,43.77346,61.65022,1,0,
569075240,-44.0197,14.17225,1,0,
529877874,46.51648,38.30532,1,0,
508420652,-1.10384,10.70892,1,0,
520471727,14.43958,-4.13132,1,0,
571516327,30.94781,41.45187,1,0,
486940963,41.89088,59.41616,1,0,
567747448,35.64705,40.02574,1,0,
529909601,28.90645,44.43517,1,0,
539561039,39.24161,54.01966,1,0,
529833429,28.97426,49.58275,1,0,
539542640,36.7669,57.99608,1,0,
541540615,46.70811,36.99704,1,0,
529889679,32.57975,44.30253,1,0,
537313600,29.38987,61.76497,1,0,
569844159,33.27226,51.93026,1,0,
528625591,30.30425,52.23026,1,0,
545188095,40.54904,52.50324,1,0,
505690787,47.19388,37.96833,1,0,
528636794,36.63116,47.74839,1,0,
576107598,31.63421,52.03763,1,0,
517689107,25.53142,58.62661,1,0,
611823070,43.67236,38.91807,1,0,
508298270,50.64463,51.8847,1,0,
545612828,32.63917,53.76268,1,0,
527952884,27.71837,22.19336,1,0,
488701127,9.865232,15.00476,1,0,
565871768,-58.2942,-15.0177,0,0,1
469801138,-84.8731,-27.5488,0,1,0
605889373,-9.16383,-60.4065,0,3,3
581020172,-73.5533,-31.3502,0,0,1
481127932,-77.4198,-21.4239,0,1,0
522257166,-6.69952,-55.4828,0,0,3
591517805,-9.40087,-3.5134,0,3,6
479771670,49.12676,-0.15772,0,0,5
583822407,-31.2552,-13.1113,0,0,4
585080288,-14.874,-7.8861,0,3,6
572410577,-30.8582,9.679151,0,2,5
580537822,-16.1764,-45.5108,0,0,3
475549334,-89.2361,-3.74038,0,1,0
592819166,-12.5598,-27.5703,0,3,6
555241040,-82.5716,-0.41799,0,0,1
561533860,-13.7451,-45.6342,0,0,3
581058351,-59.5381,-6.03886,0,0,1
473951795,-36.3936,6.027423,0,0,4
530737765,-28.0239,15.35295,0,0,2
523748610,-15.2632,-59.0677,0,0,3
584872371,-8.18137,-9.27273,0,0,6
555341581,-16.6182,-59.2208,0,0,3
488491756,-84.4719,-8.54206,0,0,0
562432852,-3.74315,-52.0662,0,5,3
486754703,-61.4247,-33.2295,0,1,1
482773968,-12.3417,-59.6434,0,0,3
486514107,-86.6967,-1.28916,0,0,1
491029832,-59.4914,2.426665,0,2,1
583141894,-9.11926,-18.146,0,6,6
592712536,-20.5854,14.40157,0,2,2
472517038,-77.1337,-18.2087,0,2,0
574038330,-24.3877,17.22216,0,2,2
486755781,-84.5012,-19.8499,0,1,0
479107488,-36.7478,8.995523,0,0,4
439372920,-56.4758,-1.24377,0,0,5
569457730,-73.7683,-5.39592,0,0,1
560965993,-13.187,-56.324,0,0,3
582647492,-11.7875,-4.67282,0,6,5
566671538,-28.4602,-11.1435,0,0,4
587064346,-13.4487,-2.89414,0,6,6
579662957,-77.5547,-29.3354,0,3,1
570098593,-3.58071,-7.36488,0,3,6
574399717,-77.6471,-31.2865,0,1,1
575782162,-31.2685,-26.8372,0,6,6
397243949,-85.2243,-4.31072,0,0,1
583719952,-38.2521,-3.02901,0,0,4
475580568,-55.6849,-24.8284,0,2,1
475068599,-49.6229,-28.5174,0,2,4
477278032,-21.6347,-44.922,0,0,3
554443833,-20.8144,-50.1036,0,0,3
471085676,-76.5103,-20.5762,0,1,1
585841870,-62.3068,-25.6702,0,3,1
475049291,-41.209,-2.5871,0,2,1
547262673,-23.2283,13.51357,0,2,2
565888394,-49.9399,5.321988,0,0,4
567901050,-69.3736,-25.0816,0,1,1
522416880,-35.2908,12.13967,0,0,4
488438177,-85.7663,-9.28456,0,1,0
487405644,-87.3103,-24.6811,0,1,1
517345160,-22.0294,15.96923,0,2,2
524689239,2.676848,-19.0059,0,3,6
478716304,-45.4503,-4.02851,0,2,4
582641339,-15.0064,-3.58667,0,3,6
574377603,-75.9513,-15.3268,0,1,0
480714960,-72.818,-25.2919,0,0,1
491031969,-81.3773,-14.4164,0,1,0
585805211,-62.7207,-26.1258,0,3,1
322197295,-34.487,14.80435,0,2,4
596619013,-55.9643,-9.241,0,3,4
555697303,-9.89399,-31.1407,0,5,6
484742372,-79.594,-7.08247,0,1,0
586073850,-72.3507,-32.6264,0,3,1
585947309,-72.2808,-36.4871,0,3,1
320455763,-74.108,-3.8082,0,1,1
482493761,-53.0111,3.293458,0,0,4
570010469,31.08938,24.65697,0,0,4
478793814,-83.3558,-20.9934,0,1,0
482764620,-35.9686,16.78984,0,0,5
562651165,-14.9466,-45.5864,0,5,3
586072464,-17.4592,-14.7751,0,6,6
527095729,-12.5949,-29.7039,0,5,3
500864898,-80.9995,-0.84376,0,1,1
488697964,-72.1495,-21.4551,0,0,1
594594470,-15.9364,-5.26894,0,3,2
561325425,-62.6786,-28.154,0,0,1
490912243,-54.5965,1.535066,0,2,1
565120091,-38.4212,0.928104,0,5,4
592952680,-24.3225,16.82857,0,2,2
476104386,-85.5049,-2.63882,0,2,1
584495731,-20.0128,-3.93879,0,3,6
590558808,-80.5075,-9.15107,0,3,1
519220630,-11.8264,-15.2175,0,6,6
487400838,-86.0549,-12.4569,0,1,0
510376592,16.19022,29.75228,0,0,6
585951863,-60.986,-29.4507,0,3,1
564410651,-11.4208,-46.9212,0,0,3
587055109,-18.4985,-8.5497,0,6,6
487176969,-68.9239,-6.70366,0,0,1
475895240,-66.3536,-23.7985,0,1,1
329224678,-57.0318,1.176992,0,2,4
464191630,-30.2855,-11.9118,0,0,4
329322109,-63.3497,-20.729,0,2,1
591622050,-15.7191,-6.2806,0,3,6
591278744,-82.2238,-11.1289,0,1,1
527579814,-11.8908,-48.8993,0,5,3
555345752,-12.8508,-57.3585,0,0,3
571314481,-70.4774,-15.974,0,1,1
609775336,-91.8194,-27.4488,0,3,1
564349611,-11.1216,-57.6665,0,5,3
560748672,-27.2797,17.8737,0,0,2
509683388,-82.0412,-9.64273,0,1,0
563620254,-69.6416,-15.5459,0,0,1
441000782,-14.2331,-59.5565,0,0,3
594047832,-9.53379,-6.11781,0,3,6
582917630,-3.55554,-12.4363,0,3,6
509779247,-83.7109,-16.6911,0,1,0
536306115,-7.97324,-44.3391,0,5,3
570428636,-21.5997,-11.7414,0,6,6
583104750,-1.81602,13.51364,0,0,4
563373346,-19.7125,-53.8589,0,0,3
585925172,-15.6324,-13.4226,0,6,6
466114829,-85.5327,-4.54252,0,1,1
586566174,-24.7071,15.95037,0,2,2
481093525,-82.653,-31.4283,0,1,0
518753555,-76.2708,-25.1244,0,6,1
565213849,-18.1646,-3.22852,0,3,6
583148615,-18.3502,-12.3787,0,6,6
323540736,-88.7256,-21.7413,0,0,0
519549081,-13.7281,-25.1797,0,0,6
583426723,-72.5647,-16.6182,0,1,1
583817628,-11.2224,-28.8653,0,0,6
606346614,-12.8094,-59.0231,0,0,3
564346637,-56.3621,-11.5815,0,5,4
488493019,-83.9692,-5.53459,0,0,0
481003643,-18.4628,-59.1951,0,0,3
584670484,-72.3672,-22.8399,0,0,1
322536988,-56.0149,-24.2562,0,2,1
326786924,-52.8991,-12.4684,0,0,6
566648315,-25.66,17.10446,0,0,2
478958894,-69.1892,-29.204,0,1,1
509515969,-92.4844,-26.0091,0,1,1
571379507,-76.384,-37.4742,0,1,1
609183903,-72.3258,-33.5215,0,3,1
581340781,-19.2788,-53.2264,0,0,3
324266146,-43.6771,-0.07175,0,2,4
328031983,-53.7824,-18.7492,0,2,4
579978640,-43.2586,-9.85584,0,5,5
561814552,-62.1787,-6.21862,0,0,5
476093220,-25.597,-30.4365,0,2,6
482644550,-74.7134,-24.1489,0,0,1
565407476,-16.5732,-20.5841,0,0,5
491026389,-49.0439,4.408416,0,2,5
566761793,-42.2769,2.986744,0,0,4
323501938,-20.4054,12.99716,0,2,2
580162060,-78.7957,-28.5012,0,1,1
587062699,-16.1978,-9.35316,0,6,6
473909767,-25.7465,-16.8382,0,0,6
566466395,-40.2332,-0.57798,0,0,1
522723828,16.69044,31.85721,0,0,5
323452196,-66.2141,-20.5398,0,2,1
482654108,-28.0961,-31.7338,0,0,6
569810649,8.86439,10.56668,0,3,6
569299459,-47.0688,9.081774,0,0,4
570006759,8.82836,2.065685,0,0,5
509522358,-80.9727,-28.7519,0,1,1
593655447,-8.54377,-5.475,0,3,6
501570114,-10.8591,-13.6814,0,3,6
596213704,-10.0895,-38.8132,0,0,6
475047891,-21.2486,12.78131,0,2,2
524693113,-16.4968,-21.1589,0,3,6
584561230,4.009765,-34.4228,0,3,6
500864322,-79.4784,-4.97151,0,1,1
575646054,-38.8178,5.436075,0,2,4
575910132,-6.07483,-10.1855,0,3,2
481003593,-15.7981,-28.5466,0,0,6
569998790,-70.5642,-31.6727,0,1,1
623427407,-27.9992,13.1437,0,2,5
486875162,-26.7014,-7.40847,0,0,6
476754635,-42.5407,-5.90194,0,2,4
583434059,-66.2998,-29.7263,0,1,1
592833901,4.502106,-34.247,0,3,6
592816620,-19.4484,-26.0023,0,3,6
593436526,-14.8663,-53.7577,0,3,3
476099282,-48.8923,-0.0872,0,2,4
609435731,-65.3631,-32.2188,0,3,1
524647261,-37.2339,2.755398,0,0,4
482491330,-82.5556,-22.3099,0,1,0
583141979,-15.7483,-13.4172,0,6,6
581403121,-75.3269,-7.4187,0,1,1
555001065,-45.3781,6.614971,0,0,4
466705337,-28.0569,17.80057,0,0,2
313861539,-87.5243,-10.3366,0,1,0
571715883,-67.4601,-17.1373,0,1,1
580162374,-79.4386,-16.8246,0,1,1
593448793,-5.3976,-56.2759,0,3,3
560738452,-57.836,-28.7838,0,0,1
480640846,-81.8483,-29.9491,0,0,0
482690728,-72.8911,-1.22385,0,2,0
569997187,-72.3341,-28.3589,0,1,1
469614747,-79.8181,-4.10593,0,1,1
485245025,-77.4951,-25.919,0,1,1
606245618,-20.4517,-51.4346,0,0,3
504608602,-31.3867,16.47165,0,2,4
587045566,-13.7786,-19.9937,0,6,6
561534047,-27.6423,8.004046,0,0,4
476615310,-14.6188,-55.1295,0,0,3
328015342,-42.5238,15.67123,0,2,4
464368713,-83.8442,-14.6833,0,1,0
480183339,-51.5205,0.626362,0,2,4
584280397,-30.7234,-7.69057,0,0,4
569802200,-7.91044,-6.16663,0,3,6
579414994,-65.0101,-33.6438,0,1,1
567952169,-81.1096,-15.0452,0,1,1
473543792,-54.2001,-19.7057,0,2,1
591396115,-21.2638,-9.83505,0,3,5
593579697,-59.4645,-34.2629,0,1,6
504605677,-52.6816,7.995772,0,2,4
322246422,-57.4076,-31.2158,0,2,1
524074295,-8.24598,-47.5994,0,0,3
591626585,-12.4935,-24.7294,0,3,6
553219924,-21.3971,-15.4732,0,6,6
566724483,-25.9655,20.01791,0,0,2
501282204,-44.7717,1.419654,0,2,4
479679997,-21.0345,-47.88,0,0,3
396369826,-71.7095,-30.9767,0,1,1
586088125,-26.2305,5.335126,0,0,5
396687610,-85.3555,-0.1579,0,1,1
547330489,6.45172,-28.5385,0,2,2
320247631,-71.3856,-19.9672,0,1,0
547262585,-19.8912,12.40269,0,2,2
569412397,12.26753,46.24765,0,5,5
321707833,-86.4741,-13.8172,0,1,0
481093098,-14.3188,-58.2174,0,0,3
580138266,7.946334,-8.63931,0,3,6
578898150,-41.3142,-1.14516,0,0,4
485053941,-77.0775,-23.4592,0,1,1
606517484,-76.8577,-37.2834,0,0,1
554432769,-20.7944,-48.3231,0,0,3
569991910,-84.8642,0.695383,0,1,1
481127348,-68.6003,-27.9001,0,1,1
520347870,-27.715,-10.6906,0,3,4
575637715,-27.2968,8.428017,0,2,2
518750800,-12.2073,-40.9865,0,6,3
397129612,-76.8656,-12.4633,0,0,0
501730497,-40.337,7.464722,0,2,4
580161872,-74.4622,-31.0104,0,1,1
564410881,-15.6085,-49.267,0,5,3
487352877,-84.0833,-11.4524,0,0,0
577218818,-25.6956,-31.0395,0,6,6
322197160,-55.8839,-6.51624,0,2,1
490382353,-83.4512,-1.5937,0,0,1
501736631,-20.9779,-31.4653,0,3,6
475619177,-16.333,-47.0764,0,0,3
556701250,-18.38,-17.4714,0,6,6
501940485,-26.4669,17.52418,0,0,2
483111429,-86.2344,-18.2949,0,0,0
486791945,-84.1627,-19.2705,0,1,0
567987585,-78.9878,-29.7572,0,1,1
560814288,-12.4522,-12.1318,0,3,6
583761507,-13.0753,-37.7678,0,0,6
573404307,-77.5014,-35.3826,0,3,1
514825708,-10.8671,-58.8263,0,0,3
538162646,-9.76597,-50.4575,0,5,3
536951541,-7.21404,-59.2699,0,5,3
516838734,-13.1682,-40.4295,0,5,3
396963717,-85.6427,-6.28722,0,0,0
573976402,-68.7945,-31.9202,0,1,1
569749430,-74.1018,-11.8206,0,1,1
569251652,-43.4686,-1.84647,0,5,4
586072783,-20.2214,-16.3508,0,6,6
328954223,-21.4022,9.917453,0,2,2
591616101,-12.2044,-0.58191,0,3,5
526801742,-17.5375,-42.1855,0,5,3
594611511,-11.9086,-25.4067,0,3,6
560817063,-29.7497,-24.6032,0,6,6
522260194,-6.91377,-53.6861,0,0,3
562527850,-18.0643,-23.4593,0,3,6
466245544,-79.3072,-9.83758,0,1,1
563790168,-19.4862,-21.0848,0,6,6
584671501,-17.8452,-55.0015,0,0,3
442627661,-10.7227,-62.5863,0,0,3
575001377,-20.0267,-29.5488,0,0,6
585944237,-16.3945,-14.6129,0,6,6
485253111,-74.8885,-19.9465,0,1,0
580507567,-76.6789,-24.5467,0,0,1
473011949,-49.4993,7.32446,0,2,4
531342116,-48.3459,-2.00609,0,6,4
555781149,-6.1505,-51.1836,0,5,6
585740198,-64.4203,-15.2325,0,1,1
594091004,-11.1569,-30.7214,0,0,6
466664172,-33.2928,10.43564,0,2,4
488685185,-85.5153,-7.81242,0,1,1
575919223,-13.7472,-23.3157,0,3,6
479219923,-20.4543,5.062888,0,0,6
522418855,-13.0528,-15.3321,0,3,6
561552455,-46.2569,-6.69785,0,0,4
590876255,-75.3561,-4.77868,0,1,1
587081792,-28.9762,13.66137,0,2,2
482726749,-27.0055,-9.07101,0,0,6
562630201,-10.9447,-57.5495,0,5,3
569723367,-78.2278,-26.0122,0,1,1
527874431,-10.4688,-55.8627,0,5,3
564438523,-13.8921,-52.8628,0,0,3
581058864,-14.0727,-42.8006,0,0,3
547336671,-30.6543,17.96833,0,2,4
579671105,-79.1077,-17.7158,0,1,0
491038812,-81.1035,-4.48511,0,1,1
575774870,-26.2096,-24.366,0,6,6
329241587,-50.5382,4.309244,0,2,4
488674910,-56.5534,-26.231,0,0,1
585948651,-62.1536,-23.7839,0,3,1
487640196,-83.9892,-4.47433,0,1,1
527089085,-12.4003,-29.5326,0,5,3
526939383,-18.4473,-41.111,0,5,3
573105010,-39.8602,5.140795,0,0,4
554454165,-21.5941,-51.2003,0,0,3
487323089,-69.2851,-23.6213,0,1,1
583671359,-34.8463,-0.63742,0,0,4
323834998,-57.6518,8.785057,0,0,5
569723405,-78.109,-9.02768,0,1,1
565462089,-73.7284,-29.8993,0,0,1
484629749,-90.2122,-23.3259,0,1,0
569407114,-5.00773,-41.6167,0,5,3
579611597,-8.28689,-48.9452,0,5,3
574993444,-18.0482,-52.4671,0,0,3
481136138,-83.6894,-28.7247,0,0,0
324466858,-43.4579,8.68816,0,2,4
488501071,-84.6536,-22.5485,0,1,1
574968354,-12.5672,-7.50829,0,0,6
575642695,-39.0892,11.50898,0,2,4
561519381,-11.2357,-54.0928,0,0,3
574036994,-25.1347,17.30153,0,2,2
586358539,-66.3135,-18.4661,0,1,1
593321019,-17.5893,-29.4947,0,0,6
469753383,-9.53943,-47.5965,0,0,3
516327568,-16.4118,-44.4659,0,2,4
328535908,-33.0289,14.19867,0,2,4
569794458,-5.85228,-15.6633,0,3,6
570896453,-32.1721,-3.73142,0,3,4
474283475,-8.28966,-53.5312,0,0,3
480187546,-60.2537,0.851867,0,2,1
586073683,-64.3259,-28.5984,0,3,1
321704734,-62.136,-33.1872,0,1,1
580145037,-61.1059,-28.337,0,3,1
568767467,-19.1063,-4.60117,0,3,6
563535101,-19.98,-13.0189,0,6,6
588189066,-79.5958,-16.902,0,1,1
566976438,-39.4363,2.752847,0,0,4
473540161,-53.697,-20.1556,0,2,1
527869035,-13.9996,-41.5179,0,5,3
593618144,-72.7688,-6.08153,0,1,1
555734606,-9.52947,-56.0011,0,5,3
569295876,-18.4641,-15.0253,0,0,6
580895033,-75.1279,-2.59604,0,1,1
480735016,-71.1363,-18.6062,0,1,0
522676397,-17.8021,-26.4821,0,0,6
490276212,-43.8731,4.522664,0,2,4
485061364,-92.5247,-25.735,0,2,1
572295788,-82.3778,-8.19638,0,1,1
583804033,-10.5563,-20.9777,0,0,6
554447280,-11.3892,-53.833,0,0,3
396608557,-75.3638,-13.0031,0,1,1
574992320,-69.3373,-11.047,0,1,1
514824979,-11.1455,-13.1752,0,0,6
609713212,-91.9715,-27.264,0,3,1
478891084,-70.9687,-26.107,0,0,0
584681388,-39.9326,6.559762,0,0,4
592723092,13.05216,-5.06177,0,2,2
396939115,-39.0048,11.34297,0,0,4
591627904,-16.4234,-27.8812,0,3,6
578483845,-12.165,-47.9517,0,0,3
562384889,-32.019,15.36573,0,0,4
567266985,-27.5921,8.490544,0,0,4
478396248,-35.1561,10.02736,0,2,4
485455219,-71.6868,-5.8809,0,2,1
488496181,-89.1499,-25.1723,0,0,0
470581375,-32.7519,-1.71568,0,2,6
475550148,-80.9041,-19.6474,0,1,1
526936091,-8.97915,-48.8316,0,5,3
570081589,-74.1996,-4.82937,0,1,1
566563603,-12.3872,-54.898,0,0,3
511247944,-72.4438,-29.8104,0,1,1
486921382,-52.5294,-1.97464,0,0,4
485184849,-85.7468,-27.2046,0,1,0
591420537,-75.004,-27.7067,0,1,1
593646143,-10.3377,-5.68811,0,3,6
569270348,-11.7581,-40.0479,0,5,3
516362762,-19.1495,12.64425,0,2,2
582778095,-3.79323,-11.841,0,6,6
569492761,-7.55802,-57.005,0,5,3
575200757,-45.2698,-2.07922,0,0,4
522408506,14.48219,22.98706,0,0,5
586517633,-21.7808,14.74218,0,2,2
547238558,-52.089,11.10976,0,2,5
482735425,-44.1622,-0.7007,0,2,4
485182007,-85.074,-12.6286,0,1,0
578517952,-25.891,-25.4085,0,0,6
586071425,-15.2287,-12.0236,0,6,6
623379534,-24.5837,12.02555,0,2,2
569955172,-79.882,-24.4878,0,1,1
562062132,-17.9789,-15.8414,0,6,6
478795872,-67.186,-18.1339,0,1,1
587098017,-18.5876,-9.25281,0,6,6
477490421,-82.3163,-29.6984,0,1,0
480963429,-70.576,-22.7954,0,1,1
318553131,-69.7314,-21.941,0,1,1
557261437,-9.69703,-12.7632,0,6,6
515305346,-79.2826,-6.74792,0,1,1
486777819,-86.6456,-21.1503,0,1,0
526785742,-54.1072,-2.88125,0,2,1
570280138,-19.4173,-15.4496,0,6,6
327648537,-10.4856,-48.9946,0,0,3
571396942,-72.5074,-23.6042,0,1,1
565809656,-7.81996,-54.2164,0,5,3
556923554,-50.8642,2.1168,0,5,4
563372842,-76.6852,-31.5113,0,0,1
560690405,-30.6315,-7.82543,0,3,4
581157315,-71.2858,-23.9869,0,0,1
488681087,-69.5165,0.197929,0,0,1
562632795,-5.28999,-53.1729,0,5,3
603739199,-70.0197,-34.1607,0,0,1
510715606,-81.4661,-17.6992,0,1,0
469610831,-69.2075,-13.1892,0,1,1
568447613,-12.7672,-3.37455,0,6,6
564701029,-21.2205,-41.1866,0,5,6
582644380,-13.6552,-8.18548,0,6,6
570924514,-2.81112,-5.42033,0,3,6
478058328,-91.5622,-21.3435,0,1,1
324522388,-36.0266,4.15265,0,2,4
482435718,-23.8075,-17.3628,0,0,6
327566447,-63.9281,-16.4501,0,0,4
586379590,-73.2641,-36.631,0,1,1
482649712,-7.76369,-61.194,0,0,3
490149337,-74.7603,-17.2359,0,0,4
569073509,-16.5407,-48.2489,0,3,3
482511164,-18.7717,-58.5815,0,0,3
475465708,-39.8983,-1.58246,0,2,4
572376830,-84.6534,-1.71837,0,1,1
527463935,-7.46363,-52.5438,0,5,3
467782778,-86.2826,-29.5355,0,0,0
576285618,-4.95455,-10.9133,0,3,2
586078695,-73.8075,-33.0305,0,3,1
482645063,-24.4496,-19.5587,0,0,6
530731648,-30.7472,18.32354,0,0,4
490746462,-41.208,4.841527,0,0,4
578774163,-28.8214,-28.2241,0,6,6
555079011,-14.7063,-5.52256,0,5,5
500966656,-40.1397,-0.08263,0,2,4
561329890,-50.5847,-13.2015,0,0,3
341016267,-84.7501,-15.778,0,1,0
464198958,30.5531,38.92381,0,2,5
566674875,-72.9265,-19.0141,0,0,1
569958754,-33.8065,10.82064,0,0,2
488687042,-68.8194,-26.8022,0,1,1
488699635,-9.85106,2.050611,0,0,5
591265629,-35.4478,5.320446,0,2,4
515264431,-12.7919,-18.4512,0,3,6
572409429,-84.4409,-23.9472,0,1,1
509617624,-74.136,-23.7455,0,1,1
561330525,-19.4422,-46.6066,0,0,3
480011594,-82.977,-32.3759,0,0,0
586074009,-14.1666,-46.1432,0,3,3
571255047,-15.2571,-0.87468,0,3,6
560686477,-17.2838,-34.4974,0,5,6
481136214,-18.3461,-59.2015,0,0,3
475622680,-14.6951,-21.9608,0,0,6
578485753,-13.2258,-54.4704,0,0,3
481099785,-86.5877,-9.81093,0,0,0
477880128,-30.5537,-11.9174,0,0,4
585955070,-7.5892,-49.4207,0,0,3
524876305,-19.167,-13.658,0,3,6
572416871,-20.2271,14.7014,0,2,2
556968207,-18.9001,-16.7454,0,6,6
485287282,-52.2855,2.505109,0,2,4
487155664,-10.2655,-44.9618,0,0,3
439024551,-8.87792,-61.7816,0,0,3
593646579,-6.11139,-6.2569,0,3,2
562003142,-18.3791,-13.5079,0,6,6
475517157,-54.8611,3.007306,0,2,1
569494755,-53.2614,1.497671,0,5,4
560690291,-17.4768,-11.5508,0,3,6
341459814,-87.5669,-12.5731,0,1,0
564409183,-80.1282,-12.6024,0,5,1
565723357,-10.5026,-46.3439,0,5,3
574067499,-75.3966,-25.5095,0,1,1
324256803,-55.0789,-9.65312,0,2,4
318543876,-66.6446,-33.7366,0,1,1
478412623,-41.6768,3.644362,0,2,4
561532710,-10.9944,-19.1222,0,0,6
569720969,-82.1522,-16.8124,0,1,1
486352114,-71.4718,-14.3417,0,2,1
568757860,-12.028,-10.6774,0,3,6
583145374,-38.1694,-3.0289,0,0,4
614777438,-84.4028,-22.8519,0,1,1
593054951,-10.8719,-17.8738,0,3,6
510706277,-76.985,-11.6914,0,1,1
485048967,-87.0685,-15.5816,0,1,0
473974547,-8.39633,-15.0615,0,0,5
547344442,-26.0262,16.34399,0,2,2
574914313,-9.78379,-53.9571,0,0,3
464188580,-15.4871,-55.8675,0,0,3
570089080,-64.796,-28.0025,0,1,1
570014498,-21.3903,-6.1303,0,3,6
480952106,-71.7692,-14.1417,0,1,1
322500634,-50.201,-2.47389,0,2,4
623892261,-26.1366,15.52626,0,2,2
476686112,-42.5671,0.784972,0,2,4
479298854,-81.6596,-19.5177,0,1,0
603502705,-68.5136,-5.21104,0,1,1
593398067,-9.42397,-20.2587,0,0,6
596808442,-64.595,-16.0585,0,3,1
566475818,-35.1717,1.692014,0,0,4
328093618,-49.6138,6.878737,0,2,4
580585082,-76.374,-33.743,0,0,1
565381304,-52.7421,-29.6609,0,0,1
320466871,-89.8905,-3.2782,0,1,5
487158599,-23.8686,-16.7184,0,0,6
555019563,-8.30441,-55.4561,0,0,3
539014038,-12.2744,-50.6944,0,5,3
515302868,-76.7282,-9.0176,0,1,1
501280518,-56.5648,2.359625,0,2,1
322229594,-42.587,-4.56507,0,2,4
510699928,-10.0731,-61.4761,0,0,3
576336240,-17.099,-23.1245,0,3,6
482692974,-57.7944,2.669308,0,2,1
547328377,-24.9776,19.00062,0,2,2
477991293,-14.34,-39.1754,0,0,3
327962063,-1.66924,-5.96525,0,0,6
565209132,-25.1934,-19.9876,0,0,6
487306716,-87.2274,-16.9305,0,1,0
570946690,-81.9775,-8.4263,0,1,1
560750295,-52.5049,9.060759,0,0,5
571233863,-23.3219,-6.66086,0,3,6
583142588,-21.1343,-17.6368,0,6,5
569809287,-7.0462,-8.91062,0,3,6
318556138,-73.1679,-4.78465,0,1,1
585859704,-15.6524,-55.0314,0,3,3
561934585,-4.19694,-15.9469,0,3,6
566655990,-28.5372,20.01486,0,0,2
470062597,-69.6379,-22.5228,0,1,1
573622646,-65.9508,-14.6703,0,2,1
580639899,-78.851,-3.44364,0,1,1
590932287,-66.1179,-29.719,0,1,1
475622793,-21.3596,-24.6649,0,0,6
318522838,-80.5646,-23.5336,0,1,1
475892238,-67.2742,-24.7649,0,1,1
534141324,-48.0408,0.01799,0,2,1
534303031,-32.5601,9.429476,0,2,4
564692405,-3.56584,-57.2212,0,5,3
526531616,-18.1597,-46.898,0,5,3
583645193,-20.5755,-6.14286,0,0,6
471077857,-76.4546,-22.3531,0,1,1
578929342,-4.32642,-51.6687,0,0,3
523478821,-27.9797,-2.80242,0,3,6
547616623,-24.2098,9.863848,0,2,2
530235049,-16.9445,-38.1206,0,5,6
324257146,-51.326,-0.8064,0,2,1
572609108,-76.1302,-26.0054,0,1,1
475202388,-26.1719,19.26182,0,2,2
313862274,-47.5923,4.446187,0,2,4
482516713,-87.5354,-18.6165,0,1,0
581138223,-18.5601,-49.9394,0,0,3
574734127,-16.7625,-36.125,0,5,6
553231879,-37.6333,6.602598,0,0,4
486783119,-80.4672,-25.7699,0,1,1
388874977,-54.6362,-0.84258,0,2,4
565866518,-74.9856,-33.2508,0,0,1
565236919,-36.8727,-5.22593,0,0,4
475549284,-71.133,-24.3516,0,1,1
592577385,-80.3695,0.4059,0,5,1
565855793,-47.3861,5.758397,0,0,4
583138568,-20.4186,-13.587,0,6,6
574584859,-10.9709,-52.1774,0,5,3
523708351,-4.04539,-57.1151,0,0,3
593312584,-8.77569,-20.3002,0,0,6
478949560,-68.9705,-17.0232,0,1,1
585908787,-20.1293,-16.3005,0,6,6
565417112,-13.5374,-48.6923,0,0,3
565459685,-55.7109,-0.77241,0,0,1
323475862,-33.889,12.7958,0,2,4
623185845,-24.8806,14.64398,0,2,2
562530336,-14.6879,-25.0622,0,3,6
523205934,-19.7234,-18.8594,0,3,6
327644217,-25.0411,-10.6525,0,0,6
574577489,-16.7569,-56.8821,0,5,3
570896413,-39.6337,21.34698,0,3,5
562003059,-30.3907,-27.5863,0,6,6
573948335,-71.6884,-27.3775,0,1,1
481127173,-72.5006,-20.2309,0,1,1
478110866,-10.2131,-11.0982,0,0,6
313861411,-71.0367,-29.9653,0,1,1
591442287,-48.3147,-4.30322,0,0,4
475586130,-52.9267,-1.81191,0,0,1
488688580,-84.1012,-10.2129,0,1,0
516880237,-8.26975,-51.226,0,5,3
580857280,-67.828,-37.4339,0,0,1
522260244,6.902143,-17.5478,0,0,2
569739534,-37.1476,1.312073,0,0,4
327706437,13.26195,-16.8435,0,0,6
497560724,-58.9409,-0.57982,0,2,1
614767057,-61.983,-25.4437,0,1,1
527104986,-11.0009,-50.2414,0,5,3
583138230,-16.0439,-15.7703,0,6,6
582613001,-19.0937,-11.7483,0,6,6
581404810,-73.2024,-8.69165,0,1,1
567446579,-82.7805,-2.74003,0,1,1
579282688,-74.2546,-26.6369,0,1,1
577218602,-25.7679,-31.5884,0,6,6
580212997,-28.271,-18.2536,0,0,4
485905391,-83.6494,-9.61305,0,0,0
481018305,-84.4508,-25.5474,0,1,1
569960365,-80.5962,-11.0977,0,0,1
593453795,-72.4562,-31.0372,0,3,1
585929192,-8.40931,-11.0978,0,6,6
475542743,-47.6141,2.795558,0,2,4
593253205,-71.8178,-7.3835,0,3,1
518623704,-19.9401,-14.3344,0,6,6
584219169,-38.9691,1.108342,0,0,4
487099387,-25.0916,-19.0373,0,0,4
488450754,-75.9668,-22.4977,0,0,0
562540395,-14.7589,-15.7276,0,3,6
523478869,-6.48175,-48.7184,0,3,3
474267418,-15.9092,-21.7272,0,0,6
481099415,-78.4691,-20.0683,0,0,0
487667205,-82.7158,-18.5977,0,1,0
617745241,-24.7773,13.81125,0,2,2
488711144,-89.5042,-23.0599,0,1,0
554807988,-68.4223,-13.1958,0,0,1
576768088,8.134192,12.1082,0,0,6
547325858,-27.0173,14.68741,0,2,2
570932699,-10.8433,-18.1656,0,3,6
584587128,-13.8199,-13.9562,0,3,6
584665305,52.06261,-13.4906,0,0,5
488440436,-69.2712,-10.8144,0,1,1
584231995,-35.5502,6.381313,0,0,4
490387590,-87.9449,-2.88825,0,1,0
313862306,-42.0889,6.284683,0,2,4
593312295,-20.78,-30.0442,0,0,6
575920560,-16.7874,-9.93801,0,3,6
570924550,-8.86313,-14.0378,0,3,6
579392973,-65.7106,-33.3281,0,1,1
479220013,-12.3993,-56.1392,0,0,3
488504814,-92.1558,-23.7951,0,0,0
336676216,-67.4234,-27.6728,0,1,1
556357336,-38.3365,-1.23048,0,0,4
566673170,-21.1964,-50.9421,0,0,3
488501487,-73.5662,-14.5599,0,1,1
480171348,-85.0043,-5.28875,0,2,0
567007144,-2.81447,-2.64467,0,3,6
553561593,-14.7804,-54.3547,0,0,3
556914447,-14.137,-50.2156,0,5,3
623436161,-27.0138,12.031,0,2,2
481004298,-13.045,-51.0094,0,0,3
488440893,-84.9751,-17.3215,0,1,0
490386426,-86.4174,-4.80511,0,1,1
585952606,-63.1443,-24.4141,0,3,1
596808392,-13.9403,-21.2932,0,3,6
623960880,-25.0379,12.5698,0,2,2
567006813,-6.35637,-11.4021,0,3,6
490729633,-25.0746,-21.6004,0,0,4
591250232,-19.8001,16.20482,0,2,2
567312865,-43.3181,17.10835,0,0,4
501798889,-41.9511,6.132574,0,2,4
485639243,-85.0206,-29.6034,0,1,0
516906055,-71.7368,-29.8148,0,0,1
562535995,-12.8116,-23.4664,0,3,6
397248752,-18.4604,-56.3213,0,0,3
313861608,-86.2466,-7.93382,0,1,1
579660456,-77.4964,-6.90896,0,3,1
560992553,-16.5457,-53.2292,0,0,3
566305266,-58.784,-3.7964,0,0,1
576046210,-31.0396,-28.4035,0,3,6
583146274,-11.9594,-2.88122,0,6,6
576411497,-14.9599,-1.19152,0,3,6
570589704,-17.8428,-4.94115,0,3,2
479772774,-82.7425,-17.8077,0,0,0
478888083,-42.5033,-2.73137,0,0,1
482658760,-87.5609,-27.1564,0,0,0
485060618,-85.9414,-26.4468,0,1,0
488491186,-85.8544,-11.4115,0,0,0
517353438,-29.311,10.85306,0,2,2
565880475,-18.7333,-6.20859,0,3,6
553006549,-26.5692,-26.581,0,3,6
569959500,-35.4147,-0.06061,0,0,4
479225274,-68.0127,-34.0166,0,1,1
567927838,-84.1544,-26.3303,0,1,1
570091111,-73.9939,-8.3248,0,1,1
584215214,-69.3297,-10.2183,0,0,1
322520586,-81.1197,-5.73068,0,1,1
569263301,-4.3331,-41.2856,0,5,3
574377552,-73.3852,-26.2357,0,1,1
485455249,-55.8536,-5.69098,0,2,1
566978098,-36.2649,6.983815,0,0,4
554779051,-71.9088,-35.7486,0,0,1
582632160,-12.8466,-10.0708,0,3,6
483083617,-37.491,1.797714,0,2,4
570459682,-17.1982,-19.5167,0,6,6
583804142,-4.45107,-46.3146,0,0,5
504120613,-16.9873,-58.3135,0,0,3
322515253,-58.0354,-30.178,0,2,1
579626068,-14.4295,-56.118,0,5,3
580014328,-60.7585,-1.0743,0,0,1
587096515,-23.2739,14.84092,0,2,2
575772040,-11.7647,-6.712,0,6,6
482444444,-82.9932,-20.1068,0,1,1
475517090,-43.1408,5.150127,0,2,4
313862134,-64.4167,-19.2727,0,2,1
329254830,-71.8391,-1.34361,0,2,1
524676260,-34.643,7.858079,0,0,5
576046388,-67.7563,-5.8111,0,3,5
509620929,-36.2589,29.82686,0,3,6
471087830,-73.6642,-21.3386,0,1,1
563796500,-14.4802,-8.50303,0,6,6
584664194,-44.6402,-3.91127,0,0,4
514907630,-10.6583,-7.69221,0,3,6
593054045,-18.0794,-4.34889,0,3,2
474660482,-29.7118,-22.6835,0,0,6
485455285,-69.7865,-4.76913,0,2,1
569670455,-39.8443,12.03166,0,0,5
396968721,-51.8639,-18.3053,0,0,4
538866343,-5.51453,-49.6256,0,5,3
569623233,-13.1367,-42.5149,0,5,3
555042715,-16.2145,-31.9882,0,5,6
326734770,-11.0763,-55.4141,0,0,3
606106445,-9.77129,-56.9372,0,0,3
473564515,-57.3182,-28.4012,0,2,1
591268268,-77.3868,-27.1536,0,1,1
476753465,-38.0536,-4.16459,0,2,4
322507839,-37.8562,12.20764,0,2,5
586072188,3.524904,-20.5647,0,6,6
561532476,-9.31561,-50.8034,0,0,3
574059157,-73.3373,-34.4052,0,1,1
475625477,-11.3071,-9.21761,0,0,6
560424631,-22.4127,-6.13095,0,3,6
570931770,-76.9385,-14.3999,0,1,1
565448436,-11.7011,-34.1258,0,0,3
598380007,-83.0624,-5.32152,0,1,1
561517025,-76.1716,-35.2313,0,0,1
488495740,13.23235,32.63207,0,0,6
488686369,-15.1454,-51.7986,0,0,3
321707905,-83.6342,-12.4935,0,1,0
563380422,-9.91697,-60.0166,0,0,3
566304697,-16.0806,-49.8467,0,0,3
476741830,-55.0801,4.177722,0,2,1
560753350,-45.9754,5.554493,0,0,4
535728342,-23.2744,-4.50106,0,3,6
566647353,-20.6917,-32.6743,0,0,6
475029659,-51.8141,0.020949,0,0,4
485058595,-38.9846,6.733881,0,2,4
585946742,-16.3683,-7.58144,0,6,6
514767977,-26.8448,-11.0982,0,3,4
562381417,-54.8104,-33.0188,0,0,6
482744155,-53.4748,2.40091,0,2,4
566460800,-10.9092,-49.7971,0,0,3
488707768,-84.1511,-18.3396,0,1,0
486557574,-28.4211,-9.40883,0,0,4
577369606,-27.4506,-27.8988,0,6,6
579290303,-86.5229,-21.7279,0,1,0
561039262,-10.4512,-15.3175,0,0,6
586070820,2.376413,-21.3961,0,6,6
487594856,-65.9797,-23.8322,0,1,1
490173806,-59.2544,2.768293,0,2,1
567354967,-43.3566,7.327397,0,0,6
517330781,-26.7311,13.57515,0,2,2
561553133,-35.9245,-1.45044,0,0,4
562682546,-4.70108,-52.6313,0,5,3
591639922,-75.0297,-31.4521,0,1,1
333604946,-74.9018,-36.412,0,1,1
571956282,-17.3942,-17.9987,0,3,6
473943881,-18.1777,-56.7986,0,0,3
469801569,-67.9875,-17.5037,0,1,1
396652279,-83.5748,-17.459,0,1,0
482799345,-88.6072,-24.3866,0,0,0
321016044,-71.666,-33.4665,0,1,1
486941367,-17.4384,-56.3773,0,0,3
519749342,41.2589,8.449607,0,0,6
519751607,-68.0133,14.48361,0,0,4
564425006,-8.62469,-54.6542,0,0,3
475132727,-56.61,-30.7609,0,2,1
609485897,-32.6103,13.58519,0,3,4
566541912,26.83029,-8.52712,0,0,3
511244283,-79.1169,-31.877,0,1,0
490789494,-53.03,0.481872,0,2,4
396650742,-78.4082,-6.04112,0,1,1
570626702,-30.9492,-4.0319,0,3,6
570921682,-10.0188,-8.33529,0,3,6
569286299,-48.7007,5.885548,0,0,4
582644266,-14.4813,-12.9613,0,6,6
475585451,-36.988,10.17382,0,0,4
479218494,-15.059,-61.476,0,0,3
583454722,-69.7909,-30.6963,0,1,1
586366106,-56.9511,-10.476,0,1,1
484457747,-61.7083,2.598026,0,0,5
479897420,-35.9601,16.82073,0,2,5
490908575,-88.3774,-6.24433,0,2,0
586559181,6.956789,-28.0702,0,2,6
565191603,-29.6245,-23.3377,0,3,6
327679841,-8.73169,-59.2255,0,0,3
561985849,-7.36162,-42.4123,0,0,3
330154280,-83.0429,-6.47296,0,1,0
587077323,-20.0687,15.1654,0,2,2
556922061,-19.6052,-21.2663,0,5,6
515296303,-70.1938,-20.909,0,1,1
571311039,-73.8733,-9.07709,0,1,1
572375809,-68.6068,-19.2298,0,1,1
478111731,-10.2176,-16.4586,0,0,6
328876201,-51.3882,11.32915,0,2,5
570438732,-30.4643,-25.9295,0,6,6
535708196,-26.9069,-19.6567,0,3,4
321708130,-70.5248,-17.217,0,1,1
484635029,-89.6687,-23.8725,0,1,0
569955315,-78.5889,-32.7847,0,1,1
531339798,-66.8597,-15.5723,0,6,1
557859579,-32.1746,6.038838,0,0,6
584931329,-19.4933,-29.4373,0,0,6
562524605,-20.2539,-6.4713,0,3,6
321023397,-74.4449,-21.2005,0,1,1
563796940,-8.94189,-7.72388,0,6,6
482521571,-19.2621,-56.8939,0,0,3
571939040,-53.9377,0.210737,0,3,4
575937040,-16.5455,-6.93057,0,3,6
565108355,-20.7871,5.423101,0,5,2
573636382,-28.8851,17.48668,0,2,4
324493977,-54.8044,-27.9124,0,2,1
474652473,-12.0424,-61.2281,0,0,3
583312391,-3.15325,-11.2317,0,6,6
571867358,-73.3154,-28.5057,0,1,1
524675712,-12.7151,-21.8559,0,3,6
565415071,-56.2112,-26.5482,0,0,1
313862373,-82.6652,-4.00172,0,1,1
566543480,-10.2639,-43.7669,0,0,3
477879512,-20.6672,-59.2826,0,0,6
594480606,-18.6214,-51.4363,0,0,3
594589186,-10.4367,-23.4801,0,3,6
487359276,-87.9128,-13.8337,0,1,0
475619045,-54.9702,6.653189,0,0,4
485630699,-67.7853,-23.607,0,1,1
568790226,-75.6402,-29.0083,0,1,1
475542907,-57.5076,-2.5077,0,2,1
482772037,-8.69376,-30.8475,0,0,6
583137205,-21.4156,-14.8828,0,6,6
489719193,-88.1711,-8.62822,0,1,0
487537399,-88.5888,-6.80963,0,1,0
591748519,-23.9859,-14.457,0,0,6
555365036,-22.6863,-31.5349,0,0,6
318331264,-84.4234,-7.11993,0,1,5
560889670,-9.12795,-12.4717,0,6,6
560684168,-34.4338,12.1637,0,5,2
488497498,-81.9474,-20.8575,0,1,0
491030723,-48.1027,8.132723,0,2,4
488683322,-56.335,-21.9687,0,0,1
572424901,-19.4074,13.7229,0,2,2
481049269,-84.9303,-27.2098,0,0,0
488712472,-82.3472,-12.9482,0,0,1
587079262,-23.1925,17.48596,0,2,2
488677994,-57.8267,-21.6428,0,2,1
586073346,-16.1263,-57.4512,0,3,3
519517188,-28.4505,-31.7163,0,0,6
475888653,-76.082,-32.3834,0,1,1
566559909,-21.1421,-52.8682,0,0,3
566756038,-78.0963,-24.3076,0,0,1
526545261,-18.3296,-46.7021,0,5,3
569965244,-38.2203,-1.88721,0,0,4
565191521,-6.80477,-14.1374,0,3,6
578909807,-0.4407,-5.16922,0,0,6
475512108,-69.8446,-6.33092,0,2,1
605688696,-74.7327,-32.3019,0,0,1
575923740,-5.31725,-12.6257,0,3,2
582857314,-22.7435,-14.5212,0,6,6
581153862,-16.9046,-50.2972,0,0,3
488677318,-55.1586,-24.9292,0,2,1
531121585,-11.1524,-12.061,0,3,6
526943222,-18.0431,-51.596,0,5,3
553541110,-17.5425,-12.4718,0,6,6
568473665,-21.0914,-12.4528,0,6,6
567320213,-48.2356,6.138273,0,0,4
560924223,-30.1869,-26.5817,0,6,6
592960350,-64.2696,-14.3684,0,2,4
605690670,-21.6195,-54.633,0,0,6
606336338,-15.97,-58.3302,0,0,3
475740357,-54.8999,1.080927,0,0,4
570589935,-31.5362,-27.9244,0,3,6
585832440,-61.6457,-27.0437,0,3,1
591778248,-43.185,8.526894,0,0,6
484571248,-55.4116,-21.4595,0,0,1
555263276,-46.4384,8.978066,0,0,4
564430168,-11.5328,-51.1844,0,5,3
527464013,-9.26305,-42.7565,0,5,3
488677942,-58.463,0.196179,0,2,1
562676370,54.22121,8.379062,0,5,6
570098371,-68.4276,-30.1352,0,1,1
481001895,-51.0974,0.534178,0,0,4
396274594,-83.9268,-3.03555,0,1,1
575012511,-9.52206,-52.7834,0,0,3
555898896,-41.4296,1.718961,0,0,4
471077468,-70.9003,-28.7632,0,1,1
579283563,-81.7165,-26.1035,0,1,1
566678900,-65.9056,-33.8572,0,0,1
313862167,-64.4717,-21.9324,0,2,1
323523338,-80.0404,-26.9297,0,0,1
502382506,-56.1505,0.856374,0,2,4
586070286,-16.1329,-26.4229,0,0,6
476100382,-57.5841,3.716901,0,2,4
609492577,-74.1175,-28.4443,0,3,1
573685602,-9.47585,-1.32072,0,3,6
466271455,-53.0649,15.89066,0,2,5
569072334,-61.0364,-29.826,0,3,1
341442651,-79.686,-20.3236,0,1,0
482516216,-55.448,-2.03514,0,0,6
573121877,52.84219,10.66264,0,0,6
321923685,-74.1717,-17.5154,0,0,1
571379222,-85.6878,-16.9264,0,1,0
557194325,-13.9943,-40.887,0,5,3
488543754,-60.9374,3.32393,0,0,1
584632767,-9.43926,-45.7376,0,0,3
397220859,-80.8386,-21.1193,0,0,0
323535089,-58.7495,-31.0696,0,0,1
320421014,-86.3437,-1.11806,0,1,1
479905853,-45.6237,-7.40493,0,2,6
474637203,-16.2629,-61.0925,0,0,3
570081024,-26.2503,-14.5576,0,3,4
464290292,-79.3609,-11.8005,0,1,1
480999763,-16.7659,-22.5063,0,0,6
561515555,-59.5281,-33.1724,0,0,1
333785962,-83.0322,-14.7346,0,1,0
569615443,-14.105,-47.3676,0,5,3
564770700,-16.3078,-37.0908,0,5,6
517343484,-23.3888,19.06983,0,2,2
574610205,-46.5887,3.89419,0,5,4
593324192,2.613693,-44.1445,0,0,6
592868444,-5.47038,-9.0528,0,3,2
328549885,-28.306,15.67738,0,2,2
569278799,-10.6977,-41.2452,0,0,5
566760952,-14.5948,-57.3932,0,0,3
484742605,-91.4518,-24.4335,0,1,0
522108467,9.068397,13.39517,0,0,6
555089724,-12.1314,-52.4143,0,5,3
324466628,-57.5176,0.023629,0,2,1
584660071,-52.429,5.256309,0,0,4
583422542,-21.4725,-29.0189,0,6,6
570932768,-75.0906,-12.861,0,1,1
565106612,-7.89688,3.141821,0,5,5
326774520,-34.028,3.322117,0,0,4
486896849,-87.2939,-19.8179,0,1,0
475057898,-44.5569,2.261412,0,2,4
569296410,-17.3963,-28.326,0,0,6
569074571,-9.65786,-9.16192,0,0,6
473593847,-47.6121,0.983388,0,2,4
321019600,-68.6346,-18.6624,0,1,1
324266189,-43.2124,0.697637,0,2,4
566463606,-43.3162,16.04078,0,0,4
581394360,2.775681,-15.9013,0,0,6
478107198,-19.3811,-44.6082,0,0,3
580236419,48.84609,-0.12085,0,0,5
486513293,-82.5107,-27.4985,0,0,0
500862585,-75.1244,-30.7859,0,1,1
566719750,-26.2728,-32.2434,0,0,3
485466109,-52.3195,-29.9882,0,2,1
488230133,-82.3502,-24.4345,0,1,0
475515168,-55.4658,-29.2784,0,2,1
474626527,-9.51189,-22.9103,0,0,4
562539062,-24.2514,-15.9891,0,3,6
554807924,-76.1523,-36.473,0,0,1
488473535,-85.2628,-18.7982,0,0,0
572609946,-68.918,-32.3174,0,1,1
464212183,-43.2934,-9.62159,0,2,6
596020931,-72.5824,0.926135,1,0,1
531520637,-89.7224,-19.7014,1,0,1
596049209,-17.0141,35.89029,1,0,5
529807751,-75.1072,0.768256,1,0,1
601927090,-10.0576,20.65556,1,0,6
595999306,-16.6019,35.26679,1,0,5
488386626,-78.9492,-22.7695,1,0,1
571427524,-72.524,8.865816,1,0,1
571709783,-74.0215,2.700365,1,0,1
571718621,4.547384,10.90254,1,0,6
508281653,-78.9244,-15.8996,1,0,1
561432315,-69.8288,3.647188,1,0,1
539640410,-64.6497,-9.71102,1,0,3
541536216,-63.1753,-11.714,1,0,1
643572206,0.780372,17.57494,1,0,3
643582610,-71.5052,-0.83162,1,0,1
525018757,-51.0386,-4.09492,1,0,4
571435969,-40.5194,9.023129,1,0,4
587710671,-55.4746,-19.2947,1,0,1
571517139,-52.1943,20.88601,1,0,6
561465305,-73.6533,4.590087,1,0,1
528011097,-64.8124,1.016018,1,0,1
528734156,-74.6784,3.728502,1,0,1
527931217,45.29555,53.06025,1,0,5
643589588,-58.5384,-15.2946,1,0,1
611598198,-3.64449,17.4726,1,0,6
561470292,-5.15597,2.60932,1,0,6
576084692,-76.6108,4.678294,1,0,1
637038252,-10.1268,20.93189,1,0,6
542142697,-74.4837,5.207711,1,0,1
561435883,26.1038,37.81207,1,0,6
542179094,42.86201,9.246324,1,0,3
545604343,-26.34,11.31148,1,0,2
571525618,-75.2507,8.514868,1,0,4
562380252,-69.6753,-35.498,1,0,1
571520445,-75.8198,9.037437,1,0,5
528016025,-64.7132,-11.206,1,0,1
527944264,-61.6334,-17.7754,1,0,1
611610514,-72.3127,2.184189,1,0,1
595568262,-17.3975,34.30303,1,0,4
545192313,-70.7249,5.579236,1,0,1
527909293,42.09996,9.187677,1,0,3
571483584,-69.5715,3.388894,1,0,1
613432942,4.532702,10.97481,1,0,6
528002420,-65.4636,-11.6333,1,0,1
508381644,-62.821,-18.8019,1,0,1
508400236,-62.3483,-18.6817,1,0,1
613468354,-50.5492,-9.03037,1,0,4
526734407,-72.3954,1.160131,1,0,1
613476789,5.196644,13.99157,1,0,6
529884137,0.925745,16.73926,1,0,6
613396614,37.2437,31.44877,1,0,5
576095991,-51.3175,-12.7631,1,0,3
643575207,-89.9452,-15.1664,1,0,0
558181151,-73.4443,8.44264,1,0,1
567764060,-4.52947,17.42357,1,0,6
571442534,-73.8635,6.170569,1,0,1
643584386,-65.0072,-9.21403,1,0,1
596887423,4.786236,12.26051,1,0,6
571473428,-41.0065,8.162455,1,0,4
527898222,-75.9895,2.543074,1,0,0
614651270,-90.8055,-19.6275,1,0,1
530081951,-16.997,27.34765,1,0,2
569825715,41.64277,54.72274,1,0,6
596036453,-16.7725,35.11968,1,0,4
611617700,-9.85052,21.92192,1,0,6
545207901,-68.6345,4.138882,1,0,4
527932447,-79.1434,0.351783,1,0,1
488400343,-63.0366,-20.806,1,0,1
576120017,-25.8014,8.218599,1,0,2
548444436,-75.0386,1.948343,1,0,1
528687520,-72.9841,2.914682,1,0,1
488386504,-71.8371,3.054304,1,0,1
569849591,29.85052,59.09764,1,0,6
519853636,49.37908,44.84044,1,0,5
596028822,-3.4909,17.48105,1,0,6
539640827,-5.32656,-23.2709,1,0,6
611623402,-49.3447,-7.64445,1,0,4
569849486,17.69649,37.71223,1,0,3
528028846,-63.8826,-10.8791,1,0,1
527890930,-52.3014,-12.5162,1,0,3
571700636,-72.1489,10.28083,1,0,4
569860147,24.13858,64.54341,1,0,5
643625553,-1.39338,8.199058,1,0,2
520631985,-53.6917,-24.7704,1,0,5
595570553,-45.0675,16.42309,1,0,6
611592806,-72.6098,4.772214,1,0,1
567742660,17.84183,19.80382,1,0,6
488418027,-58.5578,-12.3688,1,0,1
571659461,24.20441,56.67701,1,0,4
561469082,-62.4619,-12.1935,1,0,1
M01_CN_A1_C01,2.79864,-50.8514,3,0,5
M01_CN_A1_C03,-14.9081,7.64436,3,0,5
M01_CN_A2_C05,-90.9719,-4.89168,3,0,5
M01_CN_A2_C06,-54.4291,17.6566,3,1,1
M01_CN_A3_C07,-54.0891,15.2967,3,1,5
M01_CN_A4_C10,-58.8578,19.26089,3,0,4
M01_CN_A4_C11,-57.4658,19.21524,3,1,1
M01_CN_A4_C12,-57.4295,19.20862,3,1,1
M01_CN_A5_C13,-57.2346,20.40958,3,1,4
M01_JS_A2_C05,-58.7313,15.51985,3,3,1
M01_JS_A4_C10,-35.7598,24.73744,3,6,6
M01_JS_A4_C11,-7.47145,-30.5412,3,0,6
M01_JS_A6_C13,-54.0141,19.6933,3,1,1
M01_JS_B1_C15,-28.0641,34.26791,3,1,6
M01_MW_D1_C01,-14.4277,7.936506,3,3,5
M01_MW_D1_C02,-59.5,15.80251,3,3,1
M01_MW_D2_C03,-40.5082,-15.1981,3,0,5
M01_MW_D5_C12,1.5083,-51.1725,3,2,5
M01_MW_D5_C14,-65.3288,15.81038,3,0,4
M01_SM_A6_C14,9.74093,-6.21517,3,1,6
M01_SM_A7_C17,-35.5266,29.70526,3,1,6
M01_SM_A7_C19,-3.17281,23.95286,3,1,6
M02_JS_D1_C11,-6.84249,9.719126,3,2,6
M02_JS_D1_C12,-54.6108,10.70546,3,0,6
M02_JS_D2_C10,4.407752,22.54378,3,0,2
M02_JS_D3_C07,-22.4012,-8.15293,3,1,6
M02_JS_D3_C08,-64.499,14.66913,3,1,1
M02_JS_D4_C06,-6.9267,9.673945,3,1,6
M02_JS_D5_C03,-62.1554,5.280626,3,1,1
M02_JS_D6_C01,-38.6395,29.44334,3,1,6
M02_JS_D6_C02,-66.75,4.563093,3,2,1
M02_MW_D2_C04,-43.2303,-10.9267,3,0,1
M02_MW_D2_C05,-70.7423,14.5896,3,1,4
M02_MW_D3_C06,37.2118,24.43118,3,1,6
M02_MW_D4_C09,-61.265,-11.7429,3,1,1
M02_MW_D5_C11,-70.2242,14.42973,3,1,4
M02_MW_D6_C12,-44.2853,19.33983,3,0,6
M02_MW_D6_C13,58.35601,48.92035,3,1,5
M02_SM_A1_C03,-61.4351,5.500508,3,0,1
M02_SM_A3_C05,-54.57,22.79026,3,2,1
M02_SM_A4_C07,-65.7368,13.32384,3,1,0
M02_SM_A4_C08,50.19124,6.424084,3,1,6
M02_SM_A5_C10,-91.2235,-12.7999,3,1,0
M02_SM_A5_C12,-37.2527,30.10891,3,6,6
M02_SM_A6_C15,-36.0522,28.16807,3,1,6
M02_SM_A6_C16,-65.8094,14.81621,3,3,0
M02_SM_A6_C17,-11.79,20.91347,3,0,5
M02_SM_B1_C18,15.99169,-12.23,3,2,6
M03_JS_A1_C01,-62.6793,12.29539,3,2,4
M03_JS_A1_C02,-56.5313,18.31454,3,5,1
M03_JS_A1_C03,-79.0582,-13.5594,3,1,1
M03_JS_A1_C04,-67.7014,8.294826,3,1,5
M03_JS_A1_C05,-2.28264,23.44052,3,1,4
M03_JS_A1_C06,-64.4703,5.468303,3,1,1
M03_JS_A1_C07,-66.7681,-4.00072,3,1,1
M03_JS_A1_C08,-27.984,34.34491,3,3,6
M03_JS_A1_C11,-28.4164,1.678479,3,0,1
M03_JS_A1_C15,-17.399,29.14464,3,1,4
M03_JS_A1_C17,-12.7681,12.65743,3,1,6
M03_JS_A1_C19,-32.2138,23.89796,3,1,4
M03_JS_A1_C20,49.53926,34.14457,3,0,4
M03_MW_A1_C02,-30.2798,1.66977,3,0,1
M03_MW_A1_C04,25.59403,41.04452,3,0,6
M03_MW_A1_C05,-39.9759,-15.0079,3,0,1
M03_MW_A1_C07,-67.9884,7.701592,3,0,5
M03_MW_A1_C08,0.517215,13.25038,3,0,6
M03_MW_A1_C09,17.29671,50.29345,3,0,6
M03_MW_A1_C10,14.19242,56.20836,3,0,6
M03_MW_A1_C12,-51.3121,-21.651,3,0,0
M03_MW_A1_C16,34.31642,60.39325,3,0,5
M03_SM_A1_C03,-37.1602,-13.4582,3,0,1
M03_SM_A1_C08,-35.2211,27.64948,3,0,6
M03_SM_A1_C11,-32.1496,26.06315,3,0,4
M03_SM_A1_C12,-17.9814,1.163293,3,0,6
M03_SM_A1_C14,10.91834,54.66796,3,0,6
M03_SM_A1_C17,-60.5155,19.96881,3,0,5
M03_SM_A1_C18,-32.4523,27.18784,3,0,5
M04_JS_A1_C02,-1.17908,22.71241,3,0,4
M04_JS_A1_C07,21.04519,60.59998,3,0,5
M04_JS_A1_C08,-52.942,20.58237,3,0,1
M04_JS_A1_C12,19.97793,34.48002,3,0,6
M04_JS_A1_C13,7.812982,47.51555,3,0,6
M04_JS_A1_C14,-9.13283,4.632705,3,0,6
M04_JS_A1_C15,-38.8736,22.39938,3,0,6
M04_MW_A1_C01,28.50362,-21.7487,3,0,6
M04_MW_A1_C02,-23.6304,-12.6484,3,0,6
M04_MW_A1_C08,20.90088,49.22625,3,0,6
M04_SM_A1_C01,-13.3963,10.97434,3,0,3
M04_SM_A1_C04,-13.3733,10.83848,3,0,5
M04_SM_A1_C06,-30.4741,27.00857,3,0,5
M04_SM_A1_C08,-37.3252,-12.8542,3,0,1
M04_SM_A1_C10,-65.4362,16.94985,3,0,4
M04_SM_A1_C11,-58.3028,16.19382,3,0,1
M04_SM_A1_C12,-66.3769,-5.89233,3,0,1
M05_JS_A1_C01,-36.4256,26.87678,3,0,4
M05_JS_A1_C02,-38.9782,29.57932,3,0,6
M05_JS_A1_C03,12.04576,3.819768,3,0,6
M05_JS_A1_C04,-40.6231,20.99009,3,0,4
M05_JS_A1_C05,-37.4927,25.96959,3,0,6
M05_JS_A1_C06,-64.154,13.36978,3,0,1
M05_JS_A1_C07,8.279649,5.196664,3,0,6
M05_JS_A1_C08,-12.3957,14.04423,3,0,3
M05_JS_A1_C09,-5.00449,24.74814,3,0,6
M05_JS_A1_C10,20.40982,52.28693,3,0,6
M05_JS_A1_C11,-32.1199,23.81251,3,0,6
M05_JS_A1_C13,23.67736,43.75715,3,0,5
M05_SM_A1_C01,-8.84117,8.508869,3,0,2
M05_SM_A1_C02,-8.14824,8.951861,3,0,6
M05_SM_A1_C06,-30.1044,25.94402,3,0,6
M05_SM_A1_C07,-36.0286,-20.7691,3,0,4
M05_SM_A1_C09,-37.7151,-13.9633,3,0,6
M05_SM_A1_C13,6.718841,6.266096,3,0,6
M05_SM_A1_C15,-60.0981,19.21548,3,0,5
M06_SM_A1_C05,-28.9604,33.43941,3,0,5
M06_SM_A1_C07,-28.7983,27.2623,3,0,5
M06_SM_A1_C08,-36.5055,31.76759,3,0,6
M06_SM_A1_C09,-36.498,31.7429,3,0,6
M06_SM_A1_C12,-38.8208,19.19067,3,0,4
M06_SM_A1_C14,-69.8877,-40.7775,3,0,5
M08_JS_A1_C01,-39.0881,-5.33538,3,0,1
M08_JS_A1_C02,-64.4709,5.669433,3,0,1
M08_JS_A1_C03,-62.2296,-1.21674,3,0,1
M08_JS_A1_C04,-30.8918,3.998825,3,0,4
M08_JS_A1_C05,-39.2905,-12.5205,3,0,1
M08_JS_A1_C06,-8.29108,-23.1847,3,0,4
M08_JS_A1_C07,-41.0022,24.89288,3,0,4
M08_JS_A1_C08,2.82406,45.12857,3,0,6
M08_JS_A1_C09,-29.0098,1.661948,3,0,1
M08_JS_A1_C10,-70.4852,-38.7656,3,0,1
M08_JS_A1_C11,-19.5896,6.319182,3,0,1
M08_JS_A1_C12,-36.7068,26.2209,3,0,6
M08_JS_A1_C13,-16.7319,6.351149,3,0,6
M08_JS_A1_C14,-64.4639,6.506321,3,0,1
M08_JS_A1_C15,20.17737,42.66133,3,0,6
M08_JS_A1_C16,23.83563,43.37535,3,0,6
M08_SM_A1_C03,-64.3312,13.96423,3,0,1
M08_SM_A1_C04,-14.3245,4.08988,3,0,6
M08_SM_A1_C06,11.04195,47.28424,3,0,6
M08_SM_A1_C07,10.97563,54.82801,3,0,6
M08_SM_A1_C09,45.00876,62.25533,3,0,6
M10_JS_A1_C01,-53.1291,10.90961,3,0,4
M10_JS_A1_C02,-16.1974,5.922088,3,0,6
M10_JS_A1_C03,-63.4116,13.88873,3,0,1
M10_JS_A1_C04,-38.636,25.81729,3,0,5
M10_JS_A1_C05,-23.3104,-4.32877,3,0,6
M10_JS_A1_C07,19.79497,41.44976,3,0,6
M10_JS_A1_C08,-18.1099,2.676483,3,0,6
M10_JS_A1_C09,-52.7106,-21.2231,3,0,1
M10_JS_A1_C10,-19.2361,7.283882,3,0,2
M10_JS_A1_C11,13.20703,33.69385,3,0,6
M10_JS_A1_C12,-33.6046,-26.3606,3,0,6
M10_JS_A1_C13,-66.0359,12.77206,3,0,0
M10_JS_A1_C14,21.25971,42.38872,3,0,6
M10_JS_A1_C15,-15.3161,4.739844,3,7,6
M10_JS_A1_C16,11.7718,52.88237,3,0,6
M10_JS_A1_C17,33.99349,34.25203,3,0,6
M10_JS_A1_C18,-25.63,1.456176,3,0,2
M10_JS_A1_C19,-27.313,1.637843,3,0,1
M10_JS_A1_C20,-8.16585,13.82252,3,0,6
M10_JS_A1_C21,19.04729,42.90953,3,0,6
M10_JS_A1_C22,-53.7735,-17.7754,3,0,1
M10_JS_A1_C23,13.72561,19.80378,3,0,6
M10_JS_A1_C24,20.61514,43.45781,3,0,6
M10_JS_A1_C25,38.19058,45.68534,3,0,6
M10_JS_A1_C26,-46.1423,14.36672,3,0,4
M10_JS_A1_C27,-30.3585,26.51688,3,0,6
M10_JS_A1_C28,-40.7076,-4.36282,3,0,1
M10_JS_A1_C29,33.27439,-28.2983,3,0,6
M10_JS_A1_C30,-18.0573,2.024969,3,0,6
M10_JS_A1_C32,20.52246,44.59204,3,0,6
M10_SA_A1_C01,11.57514,2.914197,3,0,1
M10_SA_A1_C06,-37.1769,25.45985,3,0,6
M10_SA_A1_C07,-76.5614,-1.11805,3,0,1
M10_SA_A1_C08,-66.2299,11.80434,3,8,1
M10_SA_A1_C09,4.222735,22.58057,3,0,5
M10_SA_A1_C10,-53.6922,20.0372,3,0,1
M10_SA_A1_C11,34.0764,33.21412,3,0,6
M10_SA_A1_C14,20.925,53.69045,3,0,6
M10_SA_A1_C16,6.840103,6.520557,3,0,6
