ID,Resistence,time_constant,streng_rectif,rebound_slope,nb_rebound_sp,sag,sag_ratio,rheobaseLP,burst,delay,latencyLP,meanISI,cv_ISI,adaptation1,adaptation2,peak_adaptation1,peak_adaptation2,peakLP,thresholdLP,half_width,height,fastTrough,slowTrough,nb_persistent,dur_persistence,firing_rate_2xRB,cvISIlast_2xRB,rheobase_3ms,latency,threshold,threshold2,peak,height_threshold_peak,height_peak_trough,peak_up_stroke,peak_down_stroke,peak_stroke_ratio,halfWidthTP,halfWidthPT,peakDown,trough,preview,link,Morphology
M05_SM_A1_C14,573.12013,29.5,56.81396611,0.00409296,1,56.81396611,2.081542072,10,261.4,0.037375148,11.6,310.3666667,0.640239718,-0.010460784,0.925640444,1.088119591,0.000981537,1.678466834,-37.10937583,,38.78784266,5.1,415.2,0,0,,,,0,,,,,,,,,,,,,,,
M05_SM_A1_C01,295.4101629,22.5,4.268798924,-0.000860543,0,4.268798924,1.044560259,70,230.5,0.147401678,45.1,305.9666667,0.429190496,0.149757621,1.879473468,0.988458927,0.004540605,13.51928741,-31.43310617,,44.95239358,4.6,213.6,0,0,,,,0,,,,,,,,,,,,,,,
M10_JS_A1_C09,205.9936569,17.16428571,3.95385751,-0.000477288,0,3.95385751,1.042264732,120,53.05,0.906082052,19.8,21.85232558,0.480026707,-0.015131892,0.233352976,0.965550704,0.000217445,31.12793038,-31.76879954,,62.89672992,1.1,63.3,1,0.4,137,0.023859144,330,3.4,-36.46850667,-36.46850667,40.25268645,76.72119312,98.84643776,446.1670022,-272.8271545,-1.635346756,0.35,0.4,-272.8271545,-58.59375131,,,
M10_MJ_A1_C15,135.131839,19.39375,0.794799822,-0.000165853,0,0.794799822,1.0095129,150,,,12.3,,,,,,,8.978271685,-49.22485462,3.75,58.2031263,5.05,19.8,0,0,,,,0,,,,,,,,,,,,,,,
M10_MJ_A1_C08,146.7285189,19.4875,4.027954192,-0.001170068,1,4.027954192,1.064769468,50,,,11.7,,,,,,,23.30322318,-43.56689551,3.05,66.87011868,5.05,38.85,0,0,1,,175,3.7,-47.07031355,-47.07031355,27.12402404,74.1943376,83.00171084,125.4882841,-24.78027399,-5.064039409,2.75,3,-24.78027399,-55.8776868,,,
M01_MW_D5_C12,306.5185615,34.28333333,3.86450204,0.002242945,0,3.86450204,1.035699465,90,,,104.4,,,,,,,19.01855511,-45.67260844,2.8,64.69116356,5.1,16.5,0,0,2,0,300,3.75,-45.47729594,-45.47729594,13.91601594,59.39331187,82.53174013,143.3105501,-52.1240246,-2.74941452,1.3,1.65,-52.1240246,-68.61572419,,,
M10_MJ_A1_C07,102.1728538,18.78125,0.169677738,-0.000108125,0,0.169677738,1.001991233,70,298.825,0.486739731,145.45,298.825,0.130027667,,,0.97705146,,26.89819396,-52.09350702,2.8,78.99170098,5.05,37.65,0,0,13,0.069156125,,0,,,,,,,,,,,,,,,
M05_MJ_A1_C05,102.8442406,7.6,3.385864333,-0.000621856,1,3.385864333,1.059436896,50,,,4.15,,,,,,,14.70947299,-42.00744723,2.6,56.71692021,5.05,13.4,0,0,,,,0,,,,,,,,,,,,,,,
M10_MJ_A1_C12,224.4873097,22.825,1.942016645,-0.000263814,0,1.942016645,1.017807433,150,,,183.75,,,,,,,0.140380863,-66.36352687,2.55,66.50390774,5.05,44.8,0,0,,,,0,,,,,,,,,,,,,,,
M05_MJ_A1_C02,227.2338918,31.44166667,0.346069344,0.000211124,0,0.346069344,1.004497038,70,,,21.1,,,,,,,3.472900468,-37.79296959,2.35,41.26587006,5.05,21.05,0,0,2,0,,0,,,,,,,,,,,,,,,
M10_MJ_A1_C13,83.98437688,17.41875,1.373291046,-0.00029902,0,1.373291046,1.020067785,130,,,9.4,,,,,,,8.703613476,-50.27465933,2.25,58.9782728,5.05,12.65,0,0,,,,0,,,,,,,,,,,,,,,
M03_MW_A1_C13,162.658695,10.925,0.487060558,0.000897985,0,0.487060558,1.006283366,10,317.55,0.420563691,133.55,317.55,0.099981403,,,1.004361318,,29.15039128,-43.62182715,2.2,72.77221842,5.05,35.25,0,0,9,0.067801444,360,4.25,-54.66919068,-54.66919068,4.541015726,59.2102064,81.56738464,117.5537136,-42.23632907,-2.783236994,1.7,2.05,-42.23632907,-77.02636891,,,
M02_MW_D5_C10,159.9121129,19.325,2.529296932,-0.000501838,1,2.529296932,1.034402603,110,,0.097084367,15.65,161.2,0,,,0.962895377,,8.056640805,-42.11425875,1.85,50.17089956,5.05,7.05,0,0,,,350,3.15,-34.51538163,-34.51538163,0.030517579,34.54589921,62.65258929,25.6347662,-28.68652408,-0.893617021,1.95,3.35,-28.68652408,-62.62207171,,,
M01_MW_D5_C13,256.9580136,25.68333333,8.265258974,-0.000926201,0,8.265258974,1.089144628,70,,,116.4,,,,,,,19.66552778,-40.14892668,1.8,59.81445446,5.1,9.2,0,0,1,,140,4.25,-50.17089956,-50.17089956,25.62866268,75.79956224,85.94360544,141.8457063,-40.8935556,-3.468656716,1.6,1.75,-40.8935556,-60.31494275,,,
M03_JS_A1_C17,277.7099671,15.275,2.881347721,0.000161422,0,2.881347721,1.032936764,50,,,10.6,,,,,,,4.644775494,-49.08447375,1.75,53.72924925,4.95,5.7,0,0,1,,95,4.15,-47.97363388,-47.97363388,6.152343888,54.12597777,63.49487447,79.95605647,-37.35351646,-2.140522876,1.55,1.75,-37.35351646,-57.34253058,,,
M03_MW_A1_C15,188.6596722,33.81666667,4.527221781,-0.003629343,0,4.527221781,1.060244017,30,,,285.6,,,,,,,47.71728622,-35.60180744,1.7,83.31909366,5.05,8.5,0,0,8,0.144930323,490,4,-34.92431719,-34.92431719,53.41796994,88.34228713,103.5522484,218.1396533,-54.56543091,-3.997762864,1.4,1.6,-54.56543091,-50.13427846,,,
M05_MJ_A1_C04,179.5654337,25.24166667,2.67791754,-0.000347459,0,2.67791754,1.029812968,70,,,130.3,,,,,,,9.765625218,-44.56482033,1.55,54.33044555,5.05,35.3,0,0,9,0.127006925,,0,,,,,,,,,,,,,,,
M07_MW_A1_C02,189.8193402,20.04166667,5.447387817,0.000489527,1,5.447387817,1.073653806,150,,,4.85,,,,,,,23.01025442,-45.16601663,1.55,68.17627106,5.05,8.75,0,0,,,,0,,,,,,,,,,,,,,,
M10_JS_A1_C25,156.7840611,26.625,2.8460694,-0.000444991,0,2.8460694,1.031745491,100,,,114.65,,,,,,,30.05981513,-42.29736423,1.55,72.35717935,5.05,50.2,0,0,,,,0,,,,,,,,,,,,,,,
M01_JS_A3_C07,1321.105987,35.11666667,4.402343848,0.00877686,0,4.402343848,1.04256414,30,,,22.8,,,,,,,17.63305703,-39.58129971,1.5,57.21435675,5.1,6.6,0,0,1,,110,4.75,-36.92016684,-36.92016684,13.2446292,50.16479604,71.17920081,72.1435563,-31.98242259,-2.255725191,1.6,2.2,-31.98242259,-57.93457161,,,
M01_MW_D3_C07,295.8984441,12.23333333,7.978882014,-0.002602567,0,7.978882014,1.101057999,50,,,8.6,,,,,,,27.64282288,-39.09912197,1.5,66.74194485,5.1,6.3,0,0,1,,100,3.95,-31.26220773,-31.26220773,20.69702195,51.95922968,73.04077312,69.21386873,-29.41894597,-2.352697095,1.8,2.45,-29.41894597,-52.34375117,,,
M02_MW_D4_C08,160.2172887,17.05833333,5.112304802,-0.001203685,0,5.112304802,1.066754866,210,,,11.6,,,,,,,43.54858496,-46.32568463,1.5,89.87426959,5.05,12.5,0,0,,,370,3.8,-50.6896984,-50.6896984,38.75732509,89.44702348,104.0344262,202.0263717,-65.91797022,-3.064814815,1.35,1.5,-65.91797022,-65.27710107,,,
M03_MW_A1_C03,224.60938,25.49166667,6.585693507,-0.000866038,0,6.585693507,1.07818274,50,88.3,0.449877134,89.25,198.3875,0.682948998,0.310120213,8.127659574,0.978862974,-0.003370614,45.77636821,-37.96386804,1.5,83.74023625,4.1,4.1,0,0,14,0.375496497,925,3.85,-32.89794995,-32.89794995,43.24340917,76.14135912,105.7739281,192.8710981,-53.7109387,-3.590909091,1.45,1.8,-53.7109387,-62.53051898,,,
M04_JS_A1_C12,171.9665566,27.4,2.541870174,-0.000106378,0,2.541870174,1.028748065,70,,,116.05,,,,,,,33.7280281,-51.04980583,1.5,84.77783393,5.05,26.45,0,0,18,0.124880303,265,3.05,-31.33544992,-31.33544992,0.772094744,32.10754466,59.10339488,22.64404347,-24.16992242,-0.936868687,2.6,5.35,-24.16992242,-58.33130013,,,
M06_MW_A1_C01,254.821783,28.45833333,2.131347704,0.001798238,0,2.131347704,1.026932391,130,,,12.35,,,,,,,28.77807682,-32.44018627,1.5,61.21826309,5.05,58.4,0,0,,,,0,,,,,,,,,,,,,,,
M03_MW_A1_C16,283.2031313,28.975,4.5267335,-0.001069846,0,4.5267335,1.052677185,30,,,71.25,,,,,,,45.97778423,-40.01464933,1.45,85.99243356,5,5.9,0,0,7,0.253848615,280,4.15,-46.3134776,-46.3134776,28.75366275,75.06714035,90.61279499,173.8281289,-53.22265744,-3.266055046,1.45,1.6,-53.22265744,-61.85913224,,,
M01_JS_A3_C06,1402.130158,33.13333333,26.68627989,-0.00271809,1,26.68627989,1.259764302,10,57.45,0.191489362,15.2,79.37777778,0.218567565,0.040855936,1.925724638,0.872193702,-0.00897867,33.66088942,-45.99609478,1.4,79.6569842,4.9,4.9,0,0,23,0.20337759,90,4.2,-44.8425303,-44.8425303,39.16626064,84.00879094,101.0070823,201.9043014,-72.02148598,-2.803389831,1.15,1.3,-72.02148598,-61.84082169,,,
M01_MW_D2_C04,241.5466363,18.5,2.359375053,-0.001223219,0,2.359375053,1.031218403,330,,,1.4,,,,,,,15.92407262,-53.97949339,1.4,69.90356602,3.2,3.2,0,0,,,180,2.85,-50.24414175,-50.24414175,0.67749025,50.921632,66.55883938,88.25683791,-37.35351646,-2.362745098,1.5,1.85,-37.35351646,-65.88134913,,,
M01_SM_A6_C14,238.7695366,20.45,7.265258951,-0.002281438,0,7.265258951,1.077730601,70,,,98.2,,,,,,,2.893066471,-35.07690508,1.4,37.96997155,5,14.7,1,0.2,1,,410,3.35,-41.91284273,-41.91284273,12.18872098,54.10156371,75.7080095,166.9921912,-64.33105613,-2.595825427,1.1,1.35,-64.33105613,-63.51928853,,,
M02_MW_D6_C13,402.2216887,32.35833333,12.88757353,-0.000344163,0,12.88757353,1.12899777,30,339.875,0.433247517,147.25,339.875,0.352123053,,,1.01178361,,23.620606,-33.35571364,1.4,56.97631963,4.85,22.25,1,0.85,3,0.151306729,,0,,,,,,,,,,,,,,,
M05_JS_A1_C07,520.3247187,29.06666667,5.125122185,0.000448806,0,5.125122185,1.045523792,90,,,22.9,,,,,,,19.22607465,-36.62109457,1.4,55.84716922,4.95,7.15,0,0,1,,480,3.6,-37.62817467,-37.62817467,14.31274446,51.94091913,81.69555847,128.173831,-56.15234501,-2.282608696,1.15,1.65,-56.15234501,-67.38281401,,,
M08_MW_A1_C06,210.266118,29.18333333,4.550171,-0.005587775,0,4.550171,1.058772518,30,,,188.7,,,,,,,30.48706123,-39.09301845,1.4,69.58007968,4.8,28.05,0,0,7,0.332361711,175,3.85,-48.95019641,-48.95019641,22.36938527,71.31958167,81.63452331,140.9912141,-48.82812609,-2.8875,1.5,1.6,-48.82812609,-59.26513804,,,
M10_JS_A1_C17,72.60640625,18.6875,3.071899483,-0.000370726,0,3.071899483,1.034694314,150,367.375,0.412112964,151.4,367.375,0.303437588,,,0.981617647,,37.75024498,-45.25756937,1.4,83.00781436,4.95,119.25,0,0,14,0.339636073,1760,3.5,-58.68530405,-58.68530405,47.54638778,106.2316918,98.60229713,336.3037185,-72.63183756,-4.630252101,1.25,1.2,-72.63183756,-51.05590934,,,
M03_MW_A1_C06,248.7182673,19.90833333,4.286499119,-0.0000854,0,4.286499119,1.049746063,50,280.6,0.478617249,134.3,280.6,0.359601346,,,0.992842105,,39.97802824,-32.50122143,1.35,72.47924967,4.35,50.7,0,0,3,0.348122066,,0,,,,,,,,,,,,,,,
M08_JS_A1_C16,152.587894,17.29166667,5.67688001,-0.000891545,0,5.67688001,1.065247739,90,112.025,0.373845318,68.8,184.0333333,0.870440812,0.555497921,28.52608696,0.963559647,-0.008072667,34.97314531,-44.58618264,1.35,79.55932795,3,3,0,0,,,,0,,,,,,,,,,,,,,,
M08_MW_A1_C02,269.7753967,27.46666667,4.718017684,-0.000876415,0,4.718017684,1.053897643,30,180.475,0.675222789,147.75,218.8166667,0.303574783,0.118601469,1.623626374,0.995039683,0.002590642,21.39282274,-40.13061613,1.35,61.52343888,5,35.3,0,0,14,0.180905188,,0,,,,,,,,,,,,,,,
M01_JS_B1_C15,501.4038198,28.46666667,14.18786653,-0.006968508,0,14.18786653,1.122975528,10,48.75,0.834509447,61.1,73.21666667,0.212053673,0.027278501,1.824833703,0.845464841,-0.007231265,10.90698267,-48.37646593,1.3,59.28344859,5.1,13,0,0,2,0,180,4.55,-48.43139757,-48.43139757,11.85913112,60.29052869,69.48242343,113.4033228,-46.26464947,-2.451187335,1.35,1.5,-46.26464947,-57.6232923,,,
M04_JS_A1_C15,475.6927597,26.725,5.894592417,-0.005047741,0,5.894592417,1.067767484,10,,,439.4,,,,,,,24.45983941,-43.4875498,1.3,67.94738921,5.05,51.1,0,0,8,0.37926915,300,3.6,-49.20654407,-49.20654407,24.34997613,73.5565202,91.583254,194.6411176,-77.45361501,-2.513002364,0.9,1.1,-77.45361501,-67.23327787,,,
M04_MW_A1_C09,268.0664122,32.35,7.22973649,-0.000373588,0,7.22973649,1.094720075,30,,,152.7,,,,,,,56.1889661,-30.20019599,1.3,86.38916209,5.05,6.3,0,0,1,,540,3.65,-35.10742266,-35.10742266,55.40161257,90.50903523,108.0078149,264.2822325,-64.9414077,-4.069548872,1.15,1.3,-64.9414077,-52.60620235,,,
M04_SM_A1_C04,185.8520549,20.175,2.63330084,-0.000683195,0,2.63330084,1.035888853,110,,,2,,,,,,,15.90576207,-33.34961012,1.3,49.25537219,3.65,3.65,10,8082.65,,,,0,,,,,,,,,,,,,,,
M04_SM_A1_C05,512.3901482,22.93333333,28.43139712,-0.001300746,1,28.43139712,1.290578137,30,,,9.8,,,,,,,5.737304816,-43.61572363,1.3,49.35302845,4.95,4.95,0,0,1,,80,5.95,-44.8059092,-44.8059092,0.488281261,45.29419047,61.42578262,65.30761865,-27.95410219,-2.336244541,1.75,2.25,-27.95410219,-60.93750136,,,
M04_SM_A1_C06,613.9526504,28.075,31.12670968,0.000188816,2,31.12670968,1.356898917,10,67.425,0.231368187,15.6,67.425,0.011011674,,,0.868118324,,19.46411176,-39.95971769,1.3,59.42382945,5.05,9.7,0,0,5,0.144004559,,0,,,,,,,,,,,,,,,
M05_JS_A1_C08,329.2083814,18.9,4.857177843,-0.000862536,0,4.857177843,1.056623643,50,,,98.25,,,,,,,7.110595862,-38.11645593,1.3,45.22705179,3.85,3.85,0,0,2,0,95,13.25,-64.20898581,-64.20898581,2.868652408,67.07763822,68.29834137,152.587894,-76.90429859,-1.984126984,1.15,1.15,-76.90429859,-65.42968896,,,
M05_JS_A1_C13,381.7749109,23.925,18.92822308,-0.000710254,0,18.92822308,1.209557532,30,54.3,0.132078336,8.7,65.87,0.742425338,-0.00434972,0.86972821,0.967395967,-0.003568676,27.95410219,-43.18237401,1.3,71.1364762,5.05,25.25,0,0,8,0.165850224,65,3.7,-45.9289561,-45.9289561,20.84350633,66.77246243,81.05468931,112.30469,-42.72461033,-2.628571429,1.7,2,-42.72461033,-60.21118299,,,
M10_MJ_A1_C03,267.0288146,28.8625,12.55432157,-0.006451688,0,12.55432157,1.149689617,30,88.175,0.665517717,80.45,120.8833333,0.220504133,0.063034994,1.885267275,0.735874848,-0.025291018,36.96289145,-43.4082041,1.3,80.37109555,5.05,34.05,0,0,4,0.19460353,,0,,,,,,,,,,,,,,,
M08_JS_A1_C13,477.2186386,21.65,9.141845907,-0.00161941,0,9.141845907,1.08516421,30,36.45,0.784615385,28.9,36.83333333,0.392721603,0.123075492,1.709090909,0.745712596,-0.046104604,2.502441462,-49.1027843,1.25,51.60522576,4.95,4.95,0,0,1,,110,3.65,-47.76001083,-47.76001083,5.615234501,53.37524533,67.93213042,119.6289089,-56.76269658,-2.107526882,1.15,1.35,-56.76269658,-62.31689592,,,
M10_JS_A1_C02,367.3553549,15.64166667,6.452636863,-0.001084233,0,6.452636863,1.058126876,20,73.925,4.90251464,355.8,72.575,0.058464507,-0.011912969,0.846153846,1.014106583,0.001000554,0.396728524,-38.54370203,1.25,38.94043056,4.95,19.9,0,0,30,0.155571386,260,3.75,-38.78784266,-38.78784266,0.152587894,38.94043056,62.13379045,90.33203327,-46.99707136,-1.922077922,1.1,1.7,-46.99707136,-61.98120256,,,
M10_SA_A1_C05,101.911759,19.1,2.249328664,-0.000383065,0,2.249328664,1.024434327,230,,,8.85,,,,,,,36.01684651,-50.59204215,1.25,86.60888865,5.05,7.6,0,0,,,255,3.45,-52.0446789,-52.0446789,32.31811596,84.36279485,95.31555389,272.5830139,-57.25097784,-4.76119403,1.25,1.4,-57.25097784,-62.99743793,,,
M10_SA_A1_C16,282.3893292,17.475,10.76355005,-0.000955176,0,10.76355005,1.095772124,160,,,18.65,,,,,,,57.04345831,-34.55200273,1.25,91.59546103,4.95,,,,,,550,3.7,-31.30493234,-31.30493234,60.97412246,92.2790548,119.3237331,312.3779367,-65.42968896,-4.774253731,1.2,1.5,-65.42968896,-58.34961068,,,
M03_JS_A1_C08,533.8134885,21.31666667,6.741699369,-0.00094417,1,6.741699369,1.057046529,10,66.4,0.086146544,18.15,210.6875,0.799567953,0.281810817,6.730937774,0.800920368,-0.042860498,10.89477563,-50.11596792,1.2,61.01074355,5.05,12.55,0,0,1,,,0,,,,,,,,,,,,,,,
M06_SM_A1_C05,1046.371483,28.65,110.1434351,0.002433694,1,110.1434351,3.331782765,10,,27.41340782,490.7,17.9,0,,,1.070726916,,0.183105473,-46.41723737,1.2,46.60034284,4.3,4.3,0,0,,,,0,,,,,,,,,,,,,,,
M10_SA_A1_C09,379.4555749,22.79375,3.44628914,0.000245021,0,3.44628914,1.037433389,30,,0.224924012,7.4,32.9,0,,,0.656709894,,16.23840368,-46.59423932,1.2,62.83264301,4.65,4.65,0,0,2,0,110,3.8,-46.46606549,-46.46606549,19.42138715,65.88745264,78.08532889,148.1933627,-54.80957154,-2.703786192,1.15,1.3,-54.80957154,-58.66394174,,,
M03_MW_A1_C04,350.0366289,20,9.921875222,-0.001023483,0,9.921875222,1.096192764,50,,,90.05,,,,,,,27.0690924,-38.94043056,1.15,66.00952296,3.7,3.7,0,0,14,0.858947063,150,2.8,-50.14038198,-50.14038198,22.09472706,72.23510904,86.42578318,187.3779339,-67.13867338,-2.790909091,1.05,1.2,-67.13867338,-64.33105613,,,/morphology.html?cell=M3.MW.A4.C4.swc
M03_MW_A1_C11,171.3867226,17.20833333,5.097168083,-0.000816646,0,5.097168083,1.05827416,70,230.65,0.135486668,31.25,230.65,0.906224862,,,0.963685272,,47.26562606,-52.56958125,1.15,99.83520731,4.85,20.25,0,0,15,0.182675107,450,3.8,-60.64453261,-60.64453261,25.46997127,86.11450388,109.5275903,240.9668023,-68.48144684,-3.518716578,1.3,1.5,-68.48144684,-84.05761907,,,
M05_MW_A1_C05,325.0122143,22.43333333,3.107910226,0.001696086,1,3.107910226,1.035794121,10,,,325.95,,,,,,,36.74316488,-35.36987384,1.15,72.11303872,5.05,45.95,6,8206.55,15,0.346293069,,0,,,,,,,,,,,,,,,
M10_JS_A1_C11,202.5059337,17.94375,7.271118327,-0.000859968,0,7.271118327,1.074719168,70,,,71.7,,,,,,,36.46850667,-48.00415146,1.15,84.47265814,4.7,90.1,0,0,,,410,3.6,-46.5087901,-46.5087901,16.47949256,62.98828266,82.51953309,164.7949256,-59.20410289,-2.783505155,1.35,1.6,-59.20410289,-66.04004054,,,
M10_JS_A1_C24,227.7374318,26.575,6.779785308,-0.001296393,0,6.779785308,1.079489345,60,,,208.75,,,,,,,36.04126057,-37.62817467,1.15,73.66943524,3.55,94.25,0,0,6,0.238632513,1220,3.4,-52.03247187,-52.03247187,48.73657335,100.7690452,108.7951684,347.9003984,-86.66992381,-4.014084507,1.05,1.1,-86.66992381,-60.05859509,,,
M10_JS_A1_C30,292.3148084,21.09375,9.833984595,-0.001450054,0,9.833984595,1.092127533,70,,,59.75,,,,,,,26.03149472,-35.00366289,1.15,61.03515761,4.7,23.75,0,0,,,470,3.5,-46.38671979,-46.38671979,24.56665094,70.95337073,85.84594918,219.7265674,-73.85254071,-2.975206612,1,1.1,-73.85254071,-61.27929824,,,
M10_MJ_A1_C06,470.52003,22.90625,12.68493681,0.000146519,0,12.68493681,1.106855119,10,58.15,1.474444509,97.75,66.29615385,0.136699678,0.00091796,1.022518766,0.872932598,-0.004734286,15.98510778,-52.65503047,1.15,68.64013825,4.75,4.75,2,0.6,35,0.09951581,135,13.95,-51.47094842,-51.47094842,26.70288146,78.17382987,93.54248256,204.467778,-84.22851751,-2.427536232,1,1.15,-84.22851751,-66.8396011,,,
M10_SA_A1_C06,568.3136113,25.3125,8.341797061,0.001290641,0,8.341797061,1.097339322,5,220,0.624003714,134.4,215.3833333,0.28725027,0.062303613,1.299401198,0.937314697,-0.011185849,11.6577151,-53.1890881,1.15,64.84680321,5.05,6,2,2986.4,16,0.146248615,210,3.65,-51.51672478,-51.51672478,28.72924869,80.24597347,96.28601289,264.5263731,-85.26611519,-3.102362205,0.9,1,-85.26611519,-67.55676421,,,
M10_SA_A1_C11,86.402895,22.34375,2.292114309,-0.000116887,0,2.292114309,1.024623216,120,,,115.3,,,,,,,40.1184091,-41.10717865,1.15,81.22558775,5.05,33.35,,,5,0.274161518,1360,3.8,-46.46606549,-46.46606549,39.04419033,85.51025582,106.2438989,271.7285217,-62.5000014,-4.34765625,1.3,1.55,-62.5000014,-67.19970853,,,
M01_JS_B1_C14,475.8300888,34.01666667,20.80029343,-0.010381237,0,20.80029343,1.215335699,30,,,44.3,,,,,,,25.39672908,-43.12133885,1.1,68.51806794,3.6,3.6,0,0,4,0.207478146,220,3.85,-46.48437604,-46.48437604,25.8300787,72.31445474,87.902834,141.4794953,-69.21386873,-2.044091711,1.1,1.35,-69.21386873,-62.07275529,,,
M01_JS_B3_C21,452.2094828,24.45,9.226440636,-0.004887985,0,9.226440636,1.081860293,30,,,13.5,,,,,,,6.878662263,-42.0532236,1.1,48.93188586,3.7,3.7,0,0,2,0,100,3.6,-43.97583106,-43.97583106,8.978271685,52.95410275,70.39795079,107.1777368,-61.27929824,-1.749003984,1,1.25,-61.27929824,-61.41967911,,,
M01_MW_D4_C11,315.5517649,29.25,10.54797387,-0.002530938,0,10.54797387,1.112579002,130,,,3.2,,,,,,,33.12988355,-44.0307627,1.1,77.16064626,3.8,3.8,0,0,1,,290,3.65,-46.53320417,-46.53320417,27.75878968,74.29199385,87.81128126,200.9277389,-59.20410289,-3.393814433,1.15,1.3,-59.20410289,-60.05249158,,,
M04_JS_A1_C17,186.1572307,20.95,1.070556665,0.000294134,0,1.070556665,1.013954858,230,,,12.15,,,,,,,20.65124558,-44.77233987,1.1,65.42358545,4.75,5.5,0,0,,,355,3.75,-43.63403418,-43.63403418,29.59594793,73.22998211,89.03503617,196.8383833,-64.33105613,-3.059772296,1.05,1.2,-64.33105613,-59.43908824,,,
M04_MW_A1_C07,120.7885769,11.36666667,2.324462943,-0.000332131,0,2.324462943,1.027761741,170,,,34.05,,,,,,,30.9021003,-45.60546977,1.1,76.50757007,5,14.3,0,0,,,820,2.95,-32.44018627,-32.44018627,0.274658209,32.71484448,77.66113455,27.34375061,-89.72168169,-0.304761905,1.55,2.85,-89.72168169,-77.38647634,,,
M04_SM_A1_C01,289.7338932,14.44166667,2.871215884,0.0000553,1,2.871215884,1.029281234,10,41.25,0.284277024,12.15,42.74,0.090848832,0.015414392,1.132152589,0.600796511,-0.064845451,20.25756881,-44.11010841,1.1,64.36767722,5.05,7.2,0,0,3,0.125499747,30,27.95,-39.74609464,-39.74609464,12.11547879,51.86157342,71.34399574,90.08789264,-46.14257916,-1.952380952,1.25,1.6,-46.14257916,-59.22851695,,,
M05_JS_A1_C01,451.6601663,20.34166667,6.683349759,0.001119066,0,6.683349759,1.069041614,10,,,88.15,,,,,,,21.63696337,-46.081544,1.1,67.71850737,4.5,21.35,0,0,4,0.169198034,115,3.65,-46.93603621,-46.93603621,22.0336919,68.9697281,84.35058782,168.457035,-78.12500175,-2.15625,1,1.15,-78.12500175,-62.31689592,,,
M05_JS_A1_C05,553.8940553,21.4,5.131836052,-0.001079917,0,5.131836052,1.05481381,10,119.875,0.413107896,47.4,114.74,0.150985659,0.025493898,1.227180527,0.929284858,-0.012929963,23.01025442,-53.37524533,1.1,76.38549975,4.9,8.6,0,0,29,0.150704066,,0,,,,,,,,,,,,,,,
M08_JS_A1_C12,464.2486676,23.01666667,10.40527367,-0.001679757,0,10.40527367,1.106715409,10,,0.676706827,33.7,49.8,0,,,0.95985233,,18.79882855,-47.33276473,1.1,66.13159328,5.05,6.75,0,0,5,0.166000022,40,6.05,-49.56054798,-49.56054798,21.51489306,71.07544104,83.92334172,188.598637,-65.30761865,-2.887850467,1.15,1.25,-65.30761865,-62.40844866,,,
M08_SM_A1_C04,230.40772,15.70833333,5.953979625,-0.00226566,0,5.953979625,1.081092315,90,,,21.7,,,,,,,30.94482491,-36.34643636,1.1,67.29126127,4.95,8.1,0,0,1,,230,3.6,-41.44287202,-41.44287202,28.77807682,70.22094884,86.57837108,202.6367233,-68.35937653,-2.964285714,0.95,1.15,-68.35937653,-57.80029426,,,
M10_JS_A1_C07,157.1655309,19.08571429,8.377685734,-0.000910731,0,8.377685734,1.082451314,160,,,57.95,,,,,,,27.92358461,-39.85595792,1.1,67.77954253,5,17.15,0,0,,,1040,3.3,-53.10058712,-53.10058712,40.19165129,93.29223841,109.4360376,350.3418047,-82.39746278,-4.251851852,0.95,1.05,-82.39746278,-69.24438631,,,
M10_JS_A1_C27,361.2518391,26.925,17.44201699,0.000575476,1,17.44201699,1.217195017,20,62.15,0.353977576,22.1,62.43333333,0.015720696,0,1,0.783031989,-0.048239782,25.81787167,-40.00854582,1.1,65.82641749,4.75,9.85,0,0,8,0.045759774,100,4.05,-44.37255959,-44.37255959,27.67944398,72.05200356,89.01977738,192.8710981,-76.90429859,-2.507936508,1.05,1.2,-76.90429859,-61.3403334,,,
M10_JS_A1_C32,157.1655309,22.8875,7.269287272,-0.001429878,0,7.269287272,1.077468453,130,,,135.45,,,,,,,35.73608478,-39.06250087,1.1,74.79858566,5.05,55.6,0,0,8,0.169148106,,0,,,,,,,,,,,,,,,
M03_MW_A1_C10,105.5297875,21.075,3.820190515,-0.000782074,0,3.820190515,1.048886598,150,,,125.85,,,,,,,49.98169057,-36.80420004,1.05,86.78589061,5.05,41.9,0,0,,,,0,,,,,,,,,,,,,,,
M03_SM_A1_C12,199.7680709,14.29166667,0.322387703,0.0000639,0,0.322387703,1.004015454,90,,,33.15,,,,,,,30.51147529,-33.94165115,1.05,64.45312644,5,7.1,0,0,,,,0,,,,,,,,,,,,,,,
M10_JS_A1_C04,664.9017483,27.7,25.51391659,-0.000122494,0,25.51391659,1.197460533,20,61,0.868956319,65.15,74.975,0.166570727,0.013327934,1.341054313,0.88638195,-0.005151885,11.44409205,-64.30053855,1.05,75.7446306,5,7.6,0,0,26,0.123103368,200,3.75,-65.33813623,-65.33813623,12.63427763,77.97241385,96.28296114,299.0722723,-89.72168169,-3.333333333,0.9,1.05,-89.72168169,-83.64868351,,,
M10_JS_A1_C16,64.34122865,17.55,2.440795953,-0.00034742,0,2.440795953,1.025824825,230,,,135.1,,,,,,,48.24829209,-43.27392675,1.05,91.52221884,5.05,96.35,0,0,,,,0,,,,,,,,,,,,,,,
M10_SA_A1_C15,79.90519384,25.31875,0.6970215,-0.000430811,0,0.6970215,1.008480114,310,,,30.9,,,,,,,30.49926826,-33.04443433,1.05,63.54370259,5.05,,,,,,780,3.5,-51.75781366,-51.75781366,37.99438561,89.75219927,97.96753149,323.8525463,-72.26562662,-4.481418919,1.05,1.15,-72.26562662,-59.97314587,,,
M01_CN_A3_C07,199.0966841,7.616666667,1.130676295,0.003109137,3,1.130676295,1.01449162,30,16.8,1.737405261,43.3,24.92222222,0.838493274,0.078138826,4.704819277,1.004194826,0.00013457,0.161743168,-52.2186291,1,52.38037226,3.5,3.5,0,0,,,,0,,,,,,,,,,,,,,,
M01_CN_A3_C09,138.824466,7.016666667,0.861572285,-0.001338351,0,0.861572285,1.013056661,170,,0.25210084,3,11.9,0,,,0.792501255,,8.227539246,-46.46911725,1,54.6966565,2.4,2.4,0,0,,,,0,,,,,,,,,,,,,,,
M01_JS_A4_C11,397.2778409,20.53333333,20.46350143,-0.007581836,0,20.46350143,1.203686941,50,39.05,0.754716981,44.8,59.36,0.346303579,0.057722226,1.656716418,0.969817711,-0.005689448,25.55542049,-35.71777424,1,61.27319473,3.7,3.7,0,0,33,0.210281539,280,3.45,-43.79272559,-43.79272559,34.25293045,78.04565604,96.41723848,291.6259831,-92.77343957,-3.143421053,0.8,0.95,-92.77343957,-62.16430803,,,
M01_MW_D2_C05,289.0014713,24.21666667,2.381958061,0.000534929,0,2.381958061,1.030635683,70,,,29,,,,,,,36.66381918,-48.52905382,1,85.192873,5.1,9.7,0,0,2,0,240,3.3,-50.37841909,-50.37841909,37.50000084,87.87841993,102.1118187,267.3339904,-78.61328301,-3.400621118,1,1.1,-78.61328301,-64.61181785,,,
M01_SM_A7_C19,399.7802824,14.2,6.067749159,-0.0000496,0,6.067749159,1.054976923,30,,,15.2,,,,,,,13.81835968,-44.58618264,1,58.40454232,3.1,3.1,0,0,1,,140,3.35,-46.5087901,-46.5087901,15.58227574,62.09106584,70.57495275,151.7334018,-64.20898581,-2.363117871,0.95,1.1,-64.20898581,-54.99267701,,,
M02_JS_D1_C12,64.08691549,12.73333333,2.587890683,0.002130639,1,2.587890683,1.047369009,70,,,7.25,,,,,,,31.61621164,-44.21997169,1,75.83618334,4.8,7.7,0,0,5,0.436037274,120,3.35,-42.78564549,-42.78564549,33.50830153,76.29394702,90.36255085,206.9091843,-92.163088,-2.245033113,1,1.05,-92.163088,-56.85424932,,,
M02_MW_D6_C12,205.0781296,22.075,8.200073425,-0.001289849,0,8.200073425,1.101346509,30,352.6,0.457033466,161.15,352.6,0.192318606,,,1.006713913,,46.87500105,-34.94262773,1,81.81762878,2.95,2.95,0,0,14,0.124278273,530,3.6,-32.71484448,-32.71484448,41.9006357,74.61548018,103.4851097,203.8574264,-93.38379115,-2.183006536,0.85,1.05,-93.38379115,-61.58447403,,,
M04_JS_A1_C10,239.2578178,30.2,4.178588961,-0.000446833,0,4.178588961,1.048579141,80,,,170.5,,,,,,,31.58874582,-41.02783295,1,72.61657877,4.9,40.15,0,0,,,785,3.5,-48.92578234,-48.92578234,26.11084043,75.03662277,104.1046166,253.7231502,-95.58105682,-2.654533844,0.85,1.05,-95.58105682,-77.99377616,,,
M04_JS_A1_C13,210.189824,24.6,2.431579644,-0.000320964,0,2.431579644,1.028805989,30,,,40.85,,,,,,,35.5682381,-47.79052841,1,83.35876651,5.05,23.05,0,0,2,0,305,3.85,-37.31994712,-37.31994712,0.701904313,38.02185144,66.43066555,86.42578318,-42.35839938,-2.040345821,1.15,1.75,-42.35839938,-65.72876123,,,
M10_JS_A1_C05,199.1272017,13.9,3.574829181,-0.000325021,0,3.574829181,1.037570641,60,,,92.5,,,,,,,30.05981513,-41.62597749,1,71.68579262,4.45,5.5,0,0,7,0.180284423,320,3.1,-46.69189557,-46.69189557,36.83471762,83.5266132,104.9194359,308.227546,-89.72168169,-3.43537415,0.9,1.05,-89.72168169,-68.08471832,,,
M10_JS_A1_C06,29.78515692,6,6.408081198,0.000932031,1,6.408081198,1.083061052,250,,,1.85,,,,,,,18.49365276,-42.35839938,1,60.85205214,4.15,4.15,0,0,,,,0,,,,,,,,,,,,,,,
M10_JS_A1_C23,256.347662,25.6625,8.307495303,-0.001615252,0,8.307495303,1.097999122,40,,,251.7,,,,,,,38.63525477,-33.59985427,1,72.23510904,4.75,91.95,0,0,5,0.445796763,540,3.35,-42.35839938,-42.35839938,49.19433704,91.55273642,105.2551293,377.1972741,-86.66992381,-4.352112676,0.95,1.05,-86.66992381,-56.06079227,,,
M02_JS_D4_C06,232.2387747,23.98333333,3.840332117,-0.000270366,0,3.840332117,1.038969887,30,37.45,0.654185022,74.25,113.5,0.491112246,0.192665774,13.81481481,0.85089141,-0.012695582,31.34155343,-43.97583106,0.95,75.3173845,2.45,2.45,0,0,19,0.323479715,440,3.5,-45.80688579,-45.80688579,27.83203187,73.63891766,75.98877123,268.5546935,-80.56640805,-3.333333333,0.95,0.95,-80.56640805,-48.15673936,,,
M02_MW_D3_C06,293.5791081,21.94166667,5.308227658,-0.000613133,0,5.308227658,1.055695376,30,184.625,0.399630178,90.05,225.3333333,0.334710892,0.164521884,1.943300602,0.963254593,-0.008097092,41.93115328,-39.4592294,0.95,81.39038268,2.7,26,0,0,17,0.163875157,340,3.55,-41.9006357,-41.9006357,37.84179772,79.74243342,102.5390648,209.9609422,-92.77343957,-2.263157895,0.85,1.05,-92.77343957,-64.69726707,,,
M02_SM_A6_C15,942.9931851,16.21666667,19.26208539,0.002922807,0,19.26208539,1.147478165,30,27.5,0.157365537,5.1,32.40862069,0.078383004,0.005630302,1.371153846,0.66235012,-0.007087867,18.8598637,-44.76928811,0.95,63.62915181,4.5,4.5,4,11683.4,7,0.090279232,90,8.65,-46.93603621,-46.93603621,16.02172887,62.95776508,84.01489446,122.6806668,-74.46289229,-1.647540984,1,1.3,-74.46289229,-67.99316558,,,
M02_SM_B1_C18,125.8850126,19.79166667,3.046875068,-0.000128096,0,3.046875068,1.033899686,190,,,90.75,,,,,,,43.9147959,-33.72192458,0.95,77.63672049,3.5,31.25,0,0,,,,0,,,,,,,,,,,,,,,
M03_MW_A1_C09,421.9360446,21.575,19.39172407,-0.003923351,0,19.39172407,1.204109506,50,,,21.95,,,,,,,41.66259859,-45.36743265,0.95,87.03003124,4.25,10.85,0,0,1,,185,3.55,-51.09253044,-51.09253044,33.11157301,84.20410344,102.5573753,282.8369204,-73.24218914,-3.861666667,1,1.2,-73.24218914,-69.44580233,,,
M03_SM_A1_C08,1279.296904,17.91666667,66.4691177,-0.000642191,1,66.4691177,1.497780845,10,30.75,0.730570495,21.65,29.634375,0.066650485,0.000734183,1.045302013,0.964522454,-0.000354741,16.97998085,-48.39477647,0.95,65.37475732,5.05,7.3,0,0,54,0.22352825,,0,,,,,,,,,,,,,,,
M03_SM_A1_C15,129.333499,22.05,0.899902364,-0.000231816,0,0.899902364,1.011875421,130,,,33.95,,,,,,,22.45483449,-40.10620207,0.95,62.56103655,2.6,2.6,0,0,,,230,3.35,-45.43457133,-45.43457133,40.37475676,85.80932809,105.5725121,342.6513748,-142.3339876,-2.407375643,0.65,0.8,-142.3339876,-65.19775536,,,
M04_JS_A1_C07,267.4102843,26.06666667,17.00805702,-0.0000969,2,17.00805702,1.231524024,30,19.025,0.845041674,32.4,38.34130435,0.275821714,0.019475817,2.382978723,0.796157769,-0.008813552,8.731079297,-45.12024027,0.95,53.85131956,3.85,3.85,0,0,5,0.190070682,90,14.8,-45.92590435,-45.92590435,7.058715978,52.98462032,70.05920567,119.1406277,-62.31689592,-1.911851126,1,1.25,-62.31689592,-63.00048969,,,
M04_MW_A1_C08,313.9038156,24.93333333,7.264038248,-0.001213126,0,7.264038248,1.08285079,50,,,73.05,,,,,,,40.89965912,-34.94262773,0.95,75.84228685,3.2,18.4,0,0,15,0.46535773,210,3.8,-49.71923939,-49.71923939,42.68188572,92.40112511,107.6599145,301.269538,-96.67968966,-3.116161616,0.85,1,-96.67968966,-64.9780288,,,
M05_JS_A1_C02,408.935556,20.56666667,9.489746306,-0.006978458,0,9.489746306,1.109878306,10,43.1,1.20234778,67.6,56.22333333,0.152851998,0.013052006,1.441860465,0.830218688,-0.006744874,30.39550849,-46.35620221,0.95,76.7517107,4.65,11.95,0,0,40,0.122706368,180,3.35,-43.85376075,-43.85376075,25.08544978,68.93921053,89.78271685,250.2441462,-83.61816593,-2.99270073,0.85,1.05,-83.61816593,-64.69726707,,,
M05_JS_A1_C11,274.9972935,16.70833333,5.709838995,0.000250704,0,5.709838995,1.061467197,40,41.525,2.838454573,111.95,39.44047619,0.092755817,-0.000645927,0.97761194,0.823175966,-0.00477196,27.89306703,-43.21289159,0.95,71.10595862,3.95,3.95,0,0,19,0.051939479,245,3.4,-42.99926854,-42.99926854,34.851075,77.85034354,100.2197288,289.3066471,-102.5390648,-2.821428571,0.8,0.95,-102.5390648,-65.3686538,,,
M08_MW_A1_C01,133.0566436,25.05833333,5.881958139,-0.001090071,2,5.881958139,1.070957861,110,,,102.7,,,,,,,37.53662193,-40.61889739,0.95,78.15551933,2.5,29.85,0,0,,,210,3.55,-35.67504963,-35.67504963,23.07128958,58.7463392,75.50048997,113.5253932,-42.11425875,-2.695652174,1.35,1.7,-42.11425875,-52.42920039,,,
M10_JS_A1_C08,189.9719281,21.1,9.869995338,-0.001296123,0,9.869995338,1.101050435,90,,,67.75,,,,,,,21.54541064,-35.82763752,0.95,57.37304816,3.7,3.7,0,0,3,0.502352532,740,3.35,-51.84936639,-51.84936639,28.41186587,80.26123226,91.88842979,245.3613336,-98.87695534,-2.481481481,0.8,0.9,-98.87695534,-63.47656392,,,
M10_SA_A1_C14,166.3970984,21.09375,9.713257053,-0.001210235,0,9.713257053,1.106274767,160,,,37.05,,,,,,,46.10595806,-41.86401461,0.95,87.96997267,5,,,,2,0,1000,3.6,-43.53027441,-43.53027441,47.94311631,91.47339072,109.1491724,357.055672,-89.11133012,-4.006849315,0.85,0.95,-89.11133012,-61.20605606,,,
M01_MW_D1_C02,771.9726735,19.41666667,33.93139724,-0.000132967,1,33.93139724,1.300655249,10,33.4,0.354862737,11.5,32.40689655,0.112854856,-0.001765209,0.906451613,1.098068521,0.001602861,10.05249046,-43.03588963,0.9,53.08838009,3.8,3.8,2,12859.6,70,0.053081017,60,3.65,-44.66552834,-44.66552834,17.41943398,62.08496233,87.40844922,172.3632851,-118.7744167,-1.451181912,0.7,0.9,-118.7744167,-69.98901524,,,
M01_SM_A5_C12,274.7192444,12.31666667,9.184204307,-0.003390729,0,9.184204307,1.089807022,10,,1.85443038,146.5,79,0,,,0.873219988,,19.87915083,-50.84228629,0.9,70.72143713,3.7,3.7,0,0,5,0.092478326,90,4.1,-54.32129028,-54.32129028,20.37963913,74.7009294,83.25195499,208.4960984,-75.07324387,-2.777235772,0.9,1.05,-75.07324387,-62.87231586,,,
M04_JS_A1_C09,483.779918,27.025,2.167053271,-0.000485699,0,2.167053271,1.025504725,60,,,39.15,,,,,,,30.88989327,-33.54187087,0.9,64.43176414,5.05,12.6,0,0,,,300,3.2,-47.921754,-47.921754,36.27319417,84.19494817,101.5502952,313.9038156,-105.8959985,-2.96426513,0.7,0.85,-105.8959985,-65.27710107,,,
M04_JS_A1_C14,292.0532292,29.76666667,5.630127079,-0.000701293,0,5.630127079,1.073284786,10,,,808.6,,,,,,,44.94323831,-41.42456147,0.9,86.36779978,5.05,77.4,0,0,6,0.047928081,310,3.25,-48.14453233,-48.14453233,47.73864853,95.88318085,109.3566919,412.2314545,-109.985354,-3.748057714,0.8,0.85,-109.985354,-61.61804337,,,
M04_SM_A1_C09,390.5639736,23.29166667,20.65441941,-0.003277439,1,20.65441941,1.245414817,70,,,12.85,,,,,,,10.65673852,-38.39111414,0.9,49.04785266,2.95,2.95,0,0,1,,145,4,-40.66772552,-40.66772552,14.74609408,55.4138196,73.76709149,129.5166045,-80.20019711,-1.614916286,0.85,1.05,-80.20019711,-59.02099741,,,
M04_SM_A1_C13,97.71728734,14.24166667,1.34765628,-0.000131051,0,1.34765628,1.01584022,150,,,71.7,,,,,,,39.97802824,-42.46215915,0.9,82.44018739,5.05,26.85,0,0,,,925,3.85,-48.35815538,-48.35815538,40.02075285,88.37890823,112.1459986,213.378911,-114.9902369,-1.855626327,0.85,1.05,-114.9902369,-72.12524575,,,
M05_JS_A1_C03,348.2818681,16.53333333,5.299072384,-0.000790568,0,5.299072384,1.051997988,50,,0.608814175,67,110.05,0,,,0.94042728,,35.18676836,-39.09301845,0.9,74.27978682,4.95,15.5,0,0,23,0.206924989,75,6.25,-40.58837981,-40.58837981,23.07128958,63.65966939,82.61108583,169.6777382,-62.86621234,-2.699029126,1.15,1.35,-62.86621234,-59.53979625,,,
M05_JS_A1_C10,176.3237887,17.03333333,2.500610407,-0.001505507,0,2.500610407,1.030757566,70,,,11.6,,,,,,,42.08374118,-39.82544034,0.9,81.90918152,3.25,3.25,0,0,1,,240,3.5,-46.93603621,-46.93603621,45.50171,92.43774621,112.4572779,346.6796952,-98.26660376,-3.527950311,0.9,1.05,-98.26660376,-66.9555679,,,
M08_SM_A1_C06,127.0294218,17.28333333,2.321167044,0.0000736,0,2.321167044,1.028844039,170,,,13,,,,,,,35.98022541,-48.70605578,0.9,84.68628119,5,9.6,0,0,2,0,,0,,,,,,,,,,,,,,,
M08_SM_A1_C07,106.8115258,16.88333333,2.437744195,-0.000137182,0,2.437744195,1.030876032,130,,,71.45,,,,,,,34.21020584,-37.04834067,0.9,71.25854651,4.65,31.95,0,0,,,,0,,,,,,,,,,,,,,,
M10_JS_A1_C21,251.3885554,24.10625,9.573364472,-0.001497836,0,9.573364472,1.102774957,120,,,110.35,,,,,,,43.67065527,-33.38623121,0.9,77.05688649,4.8,99.65,0,0,,,810,3.4,-54.44336059,-54.44336059,47.57690536,102.020266,118.896487,452.8808695,-89.72168169,-5.047619048,1,1.15,-89.72168169,-71.31958167,,,
M02_JS_D2_C10,400.3906339,28.5,6.409301901,-0.004690022,1,6.409301901,1.065982193,30,107.6,0.625929368,67.35,107.6,0.084773954,,,0.941648107,,32.2570808,-36.25488362,0.85,68.51196442,4.05,16.7,0,0,16,0.298520971,320,3.6,-48.15673936,-48.15673936,33.75244216,81.90918152,99.85351786,310.0586007,-101.3183616,-3.060240964,0.75,0.9,-101.3183616,-66.1010757,,,
M03_JS_A1_C09,363.0371175,25.85833333,15.4459232,-0.000715335,1,15.4459232,1.170044496,10,52.925,0.372224846,19.7,52.925,0.042085713,,,0.797033493,,22.01538135,-41.76635836,0.85,63.78173971,4.35,4.35,0,0,2,0,105,3.65,-49.42627064,-49.42627064,18.69506878,68.12133941,84.32007024,222.9003956,-76.78222828,-2.903020668,0.8,1,-76.78222828,-65.62500147,,,
M03_MW_A1_C08,450.1342874,21.23333333,6.427368308,-0.002875443,0,6.427368308,1.06217534,30,176.45,0.336922641,59.45,176.45,0.041276281,,,0.962781929,,50.04882924,-37.35961998,0.85,87.40844922,3,25.05,0,0,11,0.330149363,275,3.8,-40.64941497,-40.64941497,38.23242273,78.8818377,99.64599832,227.1728566,-91.79687705,-2.474734043,0.8,0.95,-91.79687705,-61.41357559,,,/morphology.html?cell=M3.MW.B2.C8.swc
M04_JS_A1_C04,254.2114315,24.725,0.843444843,0.001914035,0,0.843444843,1.01243352,70,,,19.4,,,,,,,25.39672908,-40.18249602,0.85,65.5792251,5.05,9.7,0,0,10,0.141292734,235,3.4,-51.08032341,-51.08032341,24.98474177,76.06506518,91.98608604,251.0986384,-88.07373244,-2.851004851,0.8,0.9,-88.07373244,-67.00134427,,,
M04_SM_A1_C08,350.2197344,15.21666667,5.233642695,0.002574366,0,5.233642695,1.056296417,10,99.2,0.242900518,25.5,104.98125,0.071842062,0.009420219,1.141293014,0.937707375,-0.006937979,17.82836954,-39.19677822,0.85,57.02514776,5.05,13.25,2,116.05,35,0.102539119,5,29.15,-44.68994241,-44.68994241,20.22094772,64.91089012,75.12207199,137.3291046,-49.31640735,-2.784653465,1.25,1.45,-49.31640735,-54.90112427,,,
M04_SM_A1_C12,414.3066499,9.225,6.166259903,-0.00055722,1,6.166259903,1.060179703,30,,,13.1,,,,,,,12.07275418,-52.41699336,0.85,64.48974754,3.05,3.05,0,0,68,0.109326866,55,4.75,-52.75879024,-52.75879024,3.350830153,56.10962039,72.35717935,115.6005885,-61.40136856,-1.882703777,1.05,1.25,-61.40136856,-69.0063492,,,
M05_JS_A1_C09,445.5566506,16.74166667,9.970092996,-0.001151484,0,9.970092996,1.106337272,70,,,9.1,,,,,,,32.56225659,-43.02978612,0.85,75.59204271,3.55,3.55,0,0,2,0,150,3.65,-49.1027843,-49.1027843,31.43310617,80.53589047,100.1586936,274.0478577,-103.1494164,-2.656804734,0.8,1,-103.1494164,-68.72558747,,,
M08_JS_A1_C11,594.711317,35.275,10.17944359,-0.000756507,0,10.17944359,1.089010098,10,,,176.15,,,,,,,4.791259873,-38.20800867,0.85,42.99926854,4.75,4.75,0,0,3,0.099340968,170,3.65,-35.24780352,-35.24780352,0.76293947,36.01074299,61.67602677,108.032229,-67.74902495,-1.594594595,0.7,1.1,-67.74902495,-60.9130873,,,
M08_JS_A1_C15,216.6748095,20.55,7.604370287,-0.000887994,0,7.604370287,1.081596165,110,,,81,,,,,,,34.05761795,-37.56713951,0.85,71.62475746,2.9,15.8,0,0,,,,0,,,,,,,,,,,,,,,
M08_MW_A1_C03,308.8378975,16.225,15.65063512,-0.003322888,0,15.65063512,1.169580975,30,214.65,1.269717624,260.8,205.4,0.291543485,0.041372728,1.190825104,0.996629213,0.001586704,37.47558678,-44.00634864,0.85,81.48193542,3.25,50.15,0,0,32,0.154496625,245,2.9,-47.82104599,-47.82104599,43.36547948,91.18652548,103.8208031,429.077158,-111.6943384,-3.841530055,0.7,0.75,-111.6943384,-60.45532362,,,
M08_MW_A1_C07,144.3481478,8.791666667,6.181640763,-0.001440438,0,6.181640763,1.07199727,130,,,54.1,,,,,,,23.07128958,-46.32568463,0.85,69.39697421,1.95,51.1,0,0,,,,0,,,,,,,,,,,,,,,
M10_SA_A1_C01,303.6499091,20.14375,1.685058631,0.000181599,0,1.685058631,1.018944728,130,,,72.3,,,,,,,31.14624093,-30.80444405,0.85,61.95068498,3.35,3.35,0,0,3,1.344812997,550,3.65,-44.31457619,-44.31457619,38.58337489,82.89795107,103.0487084,282.0434633,-77.20947438,-3.652964427,0.95,1.1,-77.20947438,-64.46533347,,,
M10_SA_A1_C10,496.0937611,22.00625,9.363891811,-0.001134224,0,9.363891811,1.083634706,50,12,0.17551661,3.05,17.37727273,0.117135244,0.003967021,1.535087719,0.929458652,-0.000625566,39.13574306,-52.75268673,0.85,91.88842979,2.55,2.55,,,80,0.085547189,105,5,-56.56738408,-56.56738408,41.13159272,97.69897679,108.5876489,329.7119214,-126.5869169,-2.604628737,0.8,0.85,-126.5869169,-67.4560562,,,
M01_CN_A2_C06,101.6235374,8.833333333,1.382629425,0.00205055,1,1.382629425,1.017527896,10,19,0.373605557,7.1,19.004,0.06827816,0.00070587,1.071038251,0.943174262,-0.0000873,4.434204201,-55.23071413,0.8,59.66491833,3.5,3.5,57,1137.7,68,0.040973142,,0,,,,,,,,,,,,,,,
M01_JS_A2_C05,509.0332145,31.48333333,22.98107962,0.003507256,0,22.98107962,1.230559716,10,,1.738095238,197.1,113.4,0,,,1.068904201,,16.51001013,-38.40942469,0.8,54.91943482,5.1,11.9,3,16323.2,21,0.116660668,30,51.3,-42.90161229,-42.90161229,16.15600622,59.05761851,81.37207213,193.4814496,-91.55273642,-2.113333333,0.8,0.95,-91.55273642,-65.21606591,,,
M01_MW_D2_C03,366.6992269,20.75,3.896850673,-0.000583894,0,3.896850673,1.050401262,30,21.65,0.697459584,15.1,21.65,0.133909367,,,1.035153462,,1.464843783,-32.73925854,0.8,34.20410233,2.5,2.5,0,0,1,,,0,,,,,,,,,,,,,,,
M01_SM_A3_C08,541.8090941,20.51666667,19.68347212,0.004175063,1,19.68347212,1.208679143,50,,,3.4,,,,,,,18.65234417,-47.50976669,0.8,66.16211085,2.4,2.4,0,0,2,0,40,3,-46.25854596,-46.25854596,17.79785196,64.05639792,75.68359544,142.4560579,-68.84765779,-2.069148936,1,1.15,-68.84765779,-57.88574348,,,
M02_SM_A4_C08,416.2597749,22.15833333,4.525756937,0.000189938,0,4.525756937,1.038632871,30,93.575,0.149627704,31.65,211.525,0.962318871,0.114676868,2.165307635,0.971914894,-0.000142405,29.84619207,-41.87011812,0.8,71.7163102,2.15,16.55,0,0,28,0.201767906,310,3.4,-45.83740337,-45.83740337,26.6418463,72.47924967,99.97558817,291.7480534,-106.2011742,-2.747126437,0.8,1,-106.2011742,-73.33374187,,,
M02_SM_A5_C12,388.793954,16.26666667,4.582519634,-0.001840123,0,4.582519634,1.04385719,10,96.55,0.38621417,62.25,161.18,0.601768368,0.078573132,1.912820513,0.871576111,-0.016270295,25.45166073,-42.51098728,0.8,67.962648,4.95,13.2,0,0,24,0.208428999,160,3,-49.74365346,-49.74365346,23.10180716,72.84546061,83.40454288,247.8027399,-92.163088,-2.688741722,0.8,0.9,-92.163088,-60.30273572,,,
M03_JS_A1_C15,303.4057685,7.15,1.01062014,-0.001297258,0,1.01062014,1.01223761,30,169.45,0.317164179,9,28.37647059,1.779343263,-0.004329879,0.710578842,1.017435654,-0.000712926,12.54882841,-38.90991298,0.8,51.45874138,3,3,0,0,84,0.062057216,,0,,,,,,,,,,,,,,,
M04_JS_A1_C06,134.8005052,21.79166667,0.991394065,-0.000363702,0,0.991394065,1.013113396,90,,,24.7,,,,,,,19.92187545,-46.96960554,0.8,66.89148099,2.35,2.35,0,0,3,0.288664518,280,3.35,-57.44018683,-57.44018683,27.23388733,84.67407416,98.68774635,303.7109443,-117.1264675,-2.593017196,0.7,0.8,-117.1264675,-71.45385902,,,
M04_MW_A1_C02,98.75488502,7.116666667,3.179077219,-0.000405905,0,3.179077219,1.035760727,270,,,29.3,,,,,,,42.40112399,-41.34521577,0.8,83.74633976,5.05,18.5,1,0.25,,,,0,,,,,,,,,,,,,,,
M04_MW_A1_C10,77.27050954,7.233333333,1.833496135,-0.00022756,0,1.833496135,1.019546348,330,,,17.95,,,,,,,36.84082114,-58.06884895,0.8,94.90967009,2.2,9.75,0,0,,,590,3.4,-67.38281401,-67.38281401,34.50927812,101.8920921,122.3083523,413.4521577,-111.6943384,-3.701639344,0.8,0.95,-111.6943384,-87.79907423,,,
M04_SM_A1_C07,242.431646,13.89166667,4.45336924,-0.000383491,0,4.45336924,1.044519127,90,,,24.4,,,,,,,25.78125058,-45.91064556,0.8,71.69189613,4.75,8.6,0,0,,,350,3.6,-51.74560663,-51.74560663,22.2656255,74.01123212,91.36352743,191.8945355,-99.48730691,-1.928834356,0.8,0.95,-99.48730691,-69.09790194,,,
M05_SM_A1_C09,425.7202244,25.56666667,40.05432218,-0.002990696,4,40.05432218,1.771378196,10,30.45,0.695641345,29.4,42.26315789,0.411853551,0.030360935,3.092063492,0.934557439,-0.000393524,26.88598693,-37.93335046,0.8,64.81933739,3.5,3.5,0,0,30,0.102367057,5,1.8,-40.71045013,-40.71045013,28.32031313,69.03076326,79.71191584,244.1406305,-83.61816593,-2.919708029,0.8,0.95,-83.61816593,-51.39160271,,,
M07_MW_A1_C03,348.2055742,10.86666667,10.38146996,-0.002228783,0,10.38146996,1.114084687,30,,,10.6,,,,,,,23.620606,-34.57641679,0.8,58.19702279,2.9,2.9,0,0,1,,,0,,,,,,,,,,,,,,,
M08_JS_A1_C06,308.5327217,22.8,6.56005874,-0.000754352,0,6.56005874,1.068457727,50,,,21.85,,,,,,,20.59936569,-44.73877053,0.8,65.33813623,2.1,2.1,0,0,14,0.315467387,400,3.5,-49.95727651,-49.95727651,18.98193402,68.93921053,82.64160341,244.1406305,-103.1494164,-2.366863905,0.7,0.85,-103.1494164,-63.65966939,,,
M10_JS_A1_C12,235.8572876,9.975,6.856079255,-0.002276263,0,6.856079255,1.062590894,50,,,38.1,,,,,,,4.455566506,-45.62378032,0.8,50.07934682,5.05,7,0,0,1,,325,4.1,-48.40087999,-48.40087999,8.17871112,56.57959111,76.7517107,211.7919969,-84.83886908,-2.496402878,0.7,0.9,-84.83886908,-68.57299958,,,
M10_JS_A1_C14,173.5142338,15.65625,7.642212085,-0.001160661,0,7.642212085,1.080222195,90,128.7,0.634809635,81.7,128.7,0.571399419,,,0.885714286,,25.66528378,-43.76220801,0.8,69.42749179,2.7,40.75,0,0,,,600,3.7,-44.15893653,-44.15893653,8.850097854,53.00903439,75.04272629,186.7675823,-81.17675963,-2.30075188,0.75,1,-81.17675963,-66.19262843,,,
M10_SA_A1_C03,250.0697601,18.33125,5.65191663,-0.000734225,0,5.65191663,1.061317085,120,,0.423611111,24.4,57.6,0,,,0.917525773,,27.08740295,-40.99731537,0.8,68.08471832,4.25,4.25,0,0,21,0.246559706,,0,,,,,,,,,,,,,,,
M02_JS_D3_C07,313.7207101,9.558333333,3.231811596,-0.000536074,0,3.231811596,1.028474631,110,,,14.6,,,,,,,26.67236388,-41.22924897,0.75,67.90161285,2.3,2.3,0,0,11,0.357319984,240,3.4,-51.2695324,-51.2695324,26.03149472,77.30102712,102.8442406,319.8242259,-115.3564479,-2.772486772,0.65,0.8,-115.3564479,-76.81274586,,,
M02_SM_A6_C17,479.8889267,15.09166667,5.343017698,-0.00218637,1,5.343017698,1.051815373,30,26.175,0.164970427,6.45,39.09791667,0.134992811,0.010291655,1.605882353,0.887609214,-0.002591031,28.68652408,-48.15673936,0.75,76.84326344,4.9,5.35,10,17034.3,39,0.133798122,,0,,,,,,,,,,,,,,,
M03_JS_A1_C05,345.9472734,22.08333333,8.924438676,-0.003425102,0,8.924438676,1.086973332,30,,0.65303244,23.15,35.45,0,,,0.875257308,,22.70507863,-51.42212029,0.75,74.12719892,2.9,2.9,0,0,5,0.117276078,,0,,,,,,,,,,,,,,,
M03_JS_A1_C18,387.0849696,25.725,4.621215924,0.000911304,0,4.621215924,1.042124507,30,45.8,0.7667789,48.8,63.64285714,0.146938901,0.017330876,1.570938215,0.904529382,-0.00549453,27.86254945,-44.63501076,0.75,72.49756021,2.5,10.8,0,0,29,0.128437392,220,3.1,-50.78125114,-50.78125114,29.8950202,80.67627133,93.85376186,286.6211002,-113.4033228,-2.52744887,0.65,0.75,-113.4033228,-63.95874166,,,
M03_SM_A1_C03,610.7177871,18.23333333,3.054687568,-0.001862937,0,3.054687568,1.027261457,10,,,21.1,,,,,,,28.71704166,-33.99047928,0.75,62.70752093,5.05,8.35,122,6478.05,26,0.117887532,,0,,,,,,,,,,,,,,,
M03_SM_A1_C11,542.7246215,17.975,22.16479542,-0.00102205,1,22.16479542,1.221735647,10,62,0.215095383,19.45,90.425,0.758496816,0.019235973,1.279916753,0.914055763,-0.005622371,20.06835982,-43.63403418,0.75,63.702394,4.65,4.65,0,0,33,0.132984435,35,17.9,-45.39184672,-45.39184672,22.1496587,67.54150542,84.0698261,262.939459,-127.4414091,-2.063218391,0.55,0.7,-127.4414091,-61.9201674,,,
M04_JS_A1_C02,413.1317231,24.35833333,6.442505027,-0.000210159,0,6.442505027,1.079253908,20,,,53.2,,,,,,,30.04455634,-41.46423433,0.75,71.50879066,5.05,14.85,0,0,4,0.220770253,70,4.95,-42.01049899,-42.01049899,18.43566936,60.44616834,79.27246271,158.0200231,-61.40136856,-2.573558648,0.95,1.2,-61.40136856,-60.83679335,,,
M04_JS_A1_C08,445.0988869,13.41666667,1.478149447,-0.001464484,1,1.478149447,1.019078575,10,,,17.1,,,,,,,25.95214902,-48.71521105,0.75,74.66736007,2.45,2.45,1,0.35,9,1.757313793,30,7,-47.83935654,-47.83935654,24.34082086,72.18017739,95.40710662,219.7876026,-111.2670923,-1.975315414,0.75,0.95,-111.2670923,-71.06628577,,,
M04_JS_A1_C16,691.4520418,30.70833333,4.704162703,-0.003966068,1,4.704162703,1.060526458,20,,,25.75,,,,,,,18.27392619,-35.3363045,0.75,53.61023069,2.1,2.1,0,0,1,,130,7.2,-45.39184672,-45.39184672,20.1568608,65.54870752,76.85852223,177.0629922,-100.2197288,-1.766747868,0.8,0.85,-100.2197288,-56.70166142,,,
M04_SM_A1_C02,767.8833179,22.89166667,27.47876038,-0.002585021,0,27.47876038,1.216231014,30,,,7.05,,,,,,,12.78686552,-44.4152842,0.75,57.20214972,2.35,2.35,0,0,2,0,35,3.8,-45.24536234,-45.24536234,6.274414203,51.51977654,68.52417145,118.6523464,-75.43945481,-1.572815534,0.8,1,-75.43945481,-62.24975725,,,
M04_SM_A1_C10,368.8964926,21.125,21.66967822,-0.001224475,1,21.66967822,1.238862082,30,,,17,,,,,,,15.13671909,-48.43750108,0.75,63.57422017,4.95,6.85,0,0,1,,50,4.7,-50.4577648,-50.4577648,15.89965856,66.35742336,76.55029468,150.0244174,-80.68847837,-1.859304085,0.85,1,-80.68847837,-60.65063612,,,
M04_SM_A1_C11,469.7876082,12.05833333,7.757080252,0.003308098,1,7.757080252,1.077712718,10,68.9,0.100873099,8.35,82.77727273,0.242319759,0.015830622,1.396440129,0.949195763,-0.004211791,18.68896526,-43.54248144,0.75,62.2314467,3.05,3.05,3,7693.35,22,0.104250484,15,3.25,-45.51391703,-45.51391703,18.68286175,64.19677878,83.89892766,162.4755896,-90.94238485,-1.786577181,0.8,0.95,-90.94238485,-65.21606591,,,
M08_JS_A1_C04,575.2563605,28.675,8.591919137,-0.000697452,0,8.591919137,1.078478924,50,,,5.5,,,,,,,20.26367233,-40.77148529,0.75,61.03515761,2.25,2.25,0,0,12,0.155659315,80,3.3,-46.44775494,-46.44775494,22.70507863,69.15283358,85.29663277,196.5332075,-115.3564479,-1.703703704,0.7,0.85,-115.3564479,-62.59155413,,,
M08_JS_A1_C09,425.4150486,35.625,11.45935084,-0.001092383,0,11.45935084,1.121816707,10,132.575,0.577580978,79.35,137.3833333,0.089656422,0.009212168,1.037769149,0.911607576,-0.020088913,25.84838925,-36.98730551,0.75,62.83569476,2.4,2.4,0,0,13,0.090670758,170,3.3,-39.79492276,-39.79492276,21.72851611,61.52343888,79.31518732,208.1298875,-100.0976585,-2.079268293,0.75,0.9,-100.0976585,-57.58667121,,,
M10_JS_A1_C01,185.9664959,28.36666667,9.039306843,-0.001750385,0,9.039306843,1.095894846,40,,,8.55,,,,,,,21.66748095,-45.28808695,0.75,66.9555679,2.25,2.25,0,0,2,0,210,3.2,-36.83471762,-36.83471762,2.166748095,39.00146572,58.95996226,123.2910184,-61.03515761,-2.02,0.9,1.2,-61.03515761,-56.79321416,,,
M01_CN_A2_C05,-9.765625218,3.9,0.297180182,0.00023732,0,0.297180182,1.005905175,110,14.2,0.278280543,4.1,14.73333333,0.105382274,0.00263073,1.028571429,0.930189182,-0.009204478,6.042480604,-51.22375603,0.7,57.26623663,2.2,2.2,6,57.6,110,0.0253015,,0,,,,,,,,,,,,,,,
M01_JS_A6_C13,322.570808,20.5,6.939087069,0.002184427,1,6.939087069,1.071318792,10,33.15,0.935840708,42.3,45.2,0.654598914,0.029279097,3.770186335,0.969978556,0.00025837,27.42919983,-57.95898567,0.7,85.3881855,2.3,2.3,32,17953.7,60,0.191297808,80,6.55,-63.60473775,-63.60473775,22.27783253,85.88257028,84.79614447,229.7363333,-111.9384791,-2.052344602,0.8,0.8,-111.9384791,-62.51831194,,,
M01_JS_B2_C17,444.4580177,21.95,21.84521533,-0.003184884,0,21.84521533,1.223850576,70,,,16.5,,,,,,,13.60473663,-42.96264744,0.7,56.56738408,2.1,2.1,0,0,102,0.035865422,,0,,,,,,,,,,,,,,,
M01_SM_A2_C04,282.6538149,22.9,10.94616724,-0.005713437,0,10.94616724,1.124141492,70,,,10.1,,,,,,,7.189941567,-43.73779395,0.7,50.92773551,2.2,2.2,0,0,1,,90,3.2,-43.34716894,-43.34716894,6.09130873,49.43847767,58.69140756,128.5400419,-68.35937653,-1.880357143,0.85,0.95,-68.35937653,-52.60009883,,,
M01_SM_A7_C17,435.7299902,14.93333333,13.2857669,-0.001876791,1,13.2857669,1.123803197,30,,0.742105263,28.2,38,0,,,0.821700564,,21.12426805,-46.99707136,0.7,68.12133941,2.5,2.5,0,0,2,0,130,3.7,-50.15869253,-50.15869253,24.25537164,74.41406416,90.76538289,255.6152401,-134.5214874,-1.900181488,0.55,0.65,-134.5214874,-66.51001125,,,
M02_MW_D2_C04,216.9799853,8.508333333,3.872680751,-0.000613737,0,3.872680751,1.050096719,70,,,14.55,,,,,,,3.662109457,-39.03198329,0.7,42.69409275,2.15,2.15,0,0,,,,0,,,,,,,,,,,,,,,
M02_SM_A2_C04,234.680181,18.70833333,3.2141114,-0.000206656,0,3.2141114,1.032998296,130,,,34.5,,,,,,,34.54589921,-34.51538163,0.7,69.06128084,2.4,56.15,0,0,27,1.030066379,570,3.4,-40.4663095,-40.4663095,35.73608478,76.20239428,98.66333228,274.6582093,-99.48730691,-2.760736196,0.75,0.9,-99.48730691,-62.9272475,,,
M02_SM_A6_C14,194.0918012,13.18333333,1.950073286,-0.000350561,0,1.950073286,1.020545963,190,,,14.6,,,,,,,34.48486405,-45.50171,0.7,79.98657405,1.65,1.65,0,0,,,410,3.35,-52.61230586,-52.61230586,35.33935626,87.95166212,105.0720238,288.6962955,-116.577151,-2.476439791,0.8,0.9,-116.577151,-69.73266757,,,
M03_JS_A1_C07,270.6298889,11.35,1.964599653,0.001470596,1,1.964599653,1.025111327,10,126.025,0.016946759,2,118.0166667,0.484120797,0.079748672,1.444759207,0.979572569,-0.0019813,19.62890669,-51.48315545,0.7,71.11206214,2.6,2.6,2,2132.85,13,1.688135212,75,3.55,-41.7846689,-41.7846689,13.29956084,55.08422975,73.47412274,167.3584022,-72.50976725,-2.308080808,0.85,1,-72.50976725,-60.17456189,,,
M03_JS_A1_C11,516.1743279,29.725,12.593262,-0.001453172,0,12.593262,1.132851536,10,398.55,0.058211015,23.2,398.55,1.077648122,,,0.848624754,,27.67944398,-34.45434647,0.7,62.13379045,4.65,8.85,3,7424,3,1.256237143,165,6.95,-36.06567463,-36.06567463,31.52465891,67.59033354,90.41748249,312.9882882,-147.7050814,-2.119008264,0.55,0.65,-147.7050814,-58.89282358,,,/morphology.html?cell=M3.JS.B5.C11.swc
M03_JS_A1_C19,436.5844824,26.26666667,13.38452178,0.000721518,0,13.38452178,1.133681377,30,98.875,0.084998362,25.95,305.3,1.188262742,0.13981727,4.48003743,0.80571853,-0.037213173,36.65161215,-45.53222758,0.7,82.18383973,2.35,2.35,0,0,33,1.490116069,230,3.5,-50.07324331,-50.07324331,35.49804767,85.57129098,106.896975,285.2783267,-140.5029328,-2.030408341,0.65,0.8,-140.5029328,-71.39892738,,,/morphology.html?cell=M3.JS.D1.C19.swc
M03_JS_A1_C20,387.3901454,28.55833333,8.703735546,-0.006808672,0,8.703735546,1.080876907,30,57.425,0.729462475,47.95,65.73333333,0.145873114,0.046918854,1.602880658,0.802462621,-0.019152898,25.32348689,-44.07348731,0.7,69.39697421,2.7,11.85,0,0,31,0.137384454,,0,,,,,,,,,,,,,,,
M03_SM_A1_C14,133.3618194,15.7,1.523925815,-0.000469077,0,1.523925815,1.016323947,110,,,42.85,,,,,,,41.46118257,-45.41626078,0.7,86.87744335,5.05,22.2,0,0,,,,0,,,,,,,,,,,,,,,
M03_SM_A1_C18,589.1113413,25.99166667,21.03149461,0.003265415,1,21.03149461,1.17980401,10,65.9,0.432013436,41.8,96.75625,0.948676415,0.009699906,1.126106195,0.711903603,-0.005767178,13.97094758,-36.17553792,0.7,50.1464855,3.75,3.75,0,0,36,0.048148236,90,3.55,-38.78784266,-38.78784266,21.06933641,59.85717907,87.06054882,205.3222702,-84.22851751,-2.437681159,0.75,0.95,-84.22851751,-65.99121241,,,
M04_JS_A1_C05,409.6222015,22.90833333,3.100219796,-0.000446431,0,3.100219796,1.038293015,30,,,952.1,,,,,,,25.00305232,-36.74316488,0.7,61.7462172,4.95,81.4,0,0,11,0.320087223,125,3.15,-48.70910753,-48.70910753,30.12085028,78.82995782,98.6114524,310.0586007,-139.7094758,-2.219309742,0.6,0.7,-139.7094758,-68.49060212,,,
M08_SM_A1_C09,108.9477563,17.725,4.947509876,-0.0000667,0,4.947509876,1.062549192,70,,0.653555219,86.4,132.2,0,,,0.905559787,,38.36059656,-41.77856539,0.7,80.13916195,2.45,30.9,0,0,20,0.180714609,770,3.35,-50.65918082,-50.65918082,41.07666107,91.73584189,111.2976099,395.5078213,-107.4218774,-3.681818182,0.7,0.85,-107.4218774,-70.22094884,,,
M10_JS_A1_C20,386.8103114,20.16875,4.731445418,-0.00025343,0,4.731445418,1.051474787,40,78.275,0.465994001,35.6,76.39583333,0.075556587,-0.001429801,0.968814969,0.968006917,-0.001113894,32.80639722,-37.78076256,0.7,70.58715978,5,13.45,0,0,34,0.09814397,410,4.05,-33.41674879,-33.41674879,33.72192458,67.13867338,94.54345914,270.3857482,-109.2529321,-2.474860335,0.65,0.85,-109.2529321,-60.82153456,,,
M03_JS_A1_C14,14.09912141,27.03333333,1.102417017,-0.000836881,0,1.102417017,1.014973828,130,,,50.65,,,,,,,33.53271559,-48.82812609,0.65,82.36084168,5.05,20.2,0,0,,,,0,,,,,,,,,,,,,,,
M03_SM_A1_C02,150.5126987,18.99166667,3.329711988,-0.000273427,0,3.329711988,1.038495681,70,,,128.3,,,,,,,35.96191487,-30.74951241,0.65,66.71142727,5.05,39.7,0,0,1,,,0,,,,,,,,,,,,,,,
M03_SM_A1_C09,128.1127958,13.69166667,2.720092834,-0.000601813,0,2.720092834,1.03139481,150,,,20.1,,,,,,,46.82006941,-49.04785266,0.65,95.86792206,1.7,23.15,0,0,,,,0,,,,,,,,,,,,,,,
M08_JS_A1_C07,487.0605578,26.225,4.718628035,-0.000171677,0,4.718628035,1.039764632,90,,,6.75,,,,,,,5.096435661,-49.74365346,0.65,54.84008912,1.8,1.8,0,0,,,,0,,,,,,,,,,,,,,,
M08_JS_A1_C08,116.2211126,17.8,5.356445432,-0.000900269,0,5.356445432,1.05993553,250,,,26.35,,,,,,,36.2854012,-40.95459076,0.65,77.23999196,1.5,16.05,0,0,,,,0,,,,,,,,,,,,,,,
M10_JS_A1_C15,233.0235125,10.7875,3.988037199,-0.002832862,0,3.988037199,1.039849725,30,,0.700240385,145.65,208,0,,,0.97243346,,25.84838925,-38.36059656,0.65,64.20898581,5.05,16.55,0,0,33,0.539381849,265,3.35,-42.63305759,-42.63305759,25.20752009,67.84057769,88.95874222,313.7207101,-111.6943384,-2.808743169,0.6,0.75,-111.6943384,-63.75122213,,,
M10_JS_A1_C28,251.0070857,24.0375,7.634887866,-0.000541796,0,7.634887866,1.088533594,40,73.275,2.796872628,307.05,109.7833333,0.821360417,0.018340637,1.153319644,1.141839378,0.011500862,13.70239288,-33.41674879,0.65,47.11914168,4.7,8.8,2,0.15,34,0.035647445,430,3.3,-44.64721779,-44.64721779,28.80859439,73.45581219,94.39087125,310.6689523,-175.7812539,-1.767361111,0.5,0.6,-175.7812539,-65.58227686,,,
M01_CN_A1_C02,165.5273474,18.58333333,0.663818374,-0.000419544,0,0.663818374,1.008660449,110,,,8.1,,,,,,,8.169555847,-40.54260345,0.6,48.71215929,2.3,2.3,0,0,5,0.107961368,,0,,,,,,,,,,,,,,,
M01_CN_A4_C10,302.3376532,17.23333333,4.841858018,-0.0000436,0,4.841858018,1.058215813,30,26.95,0.464788732,13.2,28.4,0.058031865,0.000855507,1.056818182,1.029427559,-0.0000666,15.59143101,-41.23840424,0.6,56.82983525,2.1,2.1,3,0.8,58,0.035620484,,0,,,,,,,,,,,,,,,
M01_CN_A4_C11,288.2385318,22.75,2.376586967,-0.000623596,0,2.376586967,1.027705755,10,34.75,9.854569713,369.3,37.475,0.114055893,0.04077882,1.277777778,1.047672055,0.009228165,22.02453663,-41.03088471,0.6,63.05542133,1.9,1.9,2,1,36,0.227599124,,0,,,,,,,,,,,,,,,
M01_CN_A4_C12,302.2155829,28.15,1.288879423,-0.000630027,0,1.288879423,1.014953974,10,39.8,12.47708726,496.9,39.825,0.05716285,-0.003501419,0.979112272,1.090396927,0.012893773,18.20373576,-41.38183686,0.6,59.58557262,2.2,2.2,13,14604.9,42,0.078655907,,0,,,,,,,,,,,,,,,
M01_CN_A5_C13,268.7072814,16.5,3.019287177,-0.000711979,0,3.019287177,1.034531864,30,415.9,0.067926946,15.9,234.075,1.607070564,-0.200995806,0.080325815,0.880126593,-0.007570003,22.99804739,-47.39379989,0.6,70.39184728,1.8,1.8,0,0,49,0.04408501,,0,,,,,,,,,,,,,,,
M03_JS_A1_C02,452.2094828,14.275,4.161254976,0.001357358,1,4.161254976,1.040812393,10,74.5,0.21755535,19.1,87.79375,0.41051178,0.053841655,2.228938907,0.955619462,-0.002807583,29.80957098,-48.71826281,0.6,78.52783379,2.4,2.4,79,8105.2,26,0.13130477,10,11.45,-41.95556734,-41.95556734,18.780518,60.73608534,84.90600776,267.8222716,-114.624026,-2.336528222,0.6,0.75,-114.624026,-66.12548976,,,
M03_MW_A1_C02,443.4204201,25.54166667,14.53247103,-0.001363998,2,14.53247103,1.153474281,30,26.8,0.426050289,12.4,29.10454545,0.073163274,0.001470685,1.1,0.898004435,-0.000954524,16.9982914,-38.05542077,0.6,55.05371217,2.25,2.25,1,0.35,76,0.040360195,170,4.35,-45.10498148,-45.10498148,13.51928741,58.62426889,74.37133955,238.6474663,-108.032229,-2.209039548,0.6,0.7,-108.032229,-60.85205214,,,/morphology.html?cell=M3.MW.A2.C2.swc
M03_SM_A1_C05,135.0708038,16.44166667,5.0498048,-0.000194396,0,5.0498048,1.058559069,130,,,39.55,,,,,,,36.04126057,-44.93408304,0.6,80.97534361,1.75,18.3,0,0,,,,0,,,,,,,,,,,,,,,
M03_SM_A1_C16,266.1743224,24.78333333,7.986938655,-0.001006651,0,7.986938655,1.088064002,70,,,27.25,,,,,,,33.33129957,-37.34130943,0.6,70.672609,1.75,1.75,0,0,1,,500,3.4,-43.81713965,-43.81713965,31.0974128,74.91455246,94.69604704,304.8095771,-129.8828154,-2.346804511,0.55,0.65,-129.8828154,-63.59863423,,,
M05_MW_A1_C04,411.0717865,22.04166667,8.687744335,-0.001528234,0,8.687744335,1.082032781,70,22.275,4.100620166,245.2,59.79583333,1.046197918,0.010944502,1.423529412,1.108571429,0.00197553,0.24414063,-31.79931712,0.6,32.04345775,2.35,2.35,0,0,,,100,3.6,-38.57421961,-38.57421961,19.53125044,58.10547005,77.54516775,279.5410219,-148.9257846,-1.87704918,0.4,0.55,-148.9257846,-58.01391731,,,
M06_MW_A1_C04,549.0112427,23.73333333,18.34472697,-0.001020873,1,18.34472697,1.176236045,30,,,18.4,,,,,,,30.94482491,-39.97802824,0.6,70.92285315,3.35,3.35,4,2958.45,7,0.971755868,90,2.85,-35.7055672,-35.7055672,30.05981513,65.76538233,82.06176941,222.7783253,-83.00781436,-2.683823529,0.8,0.9,-83.00781436,-52.00195429,,,
M08_JS_A1_C05,386.9628993,16.65833333,11.05224634,-0.001150534,0,11.05224634,1.129907025,70,,,5.3,,,,,,,2.655029356,-35.82763752,0.6,38.48266688,2.3,2.3,0,0,1,,,0,,,,,,,,,,,,,,,
M10_JS_A1_C03,428.0090428,20.09166667,14.23217805,0.000621748,0,14.23217805,1.151335003,20,70.95,0.94689474,65.15,68.80384615,0.115651115,-0.003112651,0.926481085,0.968561064,-0.001278881,31.31103586,-44.40307716,0.6,75.71411302,1.8,1.8,3,6848.7,34,0.06515501,250,3.6,-44.21997169,-44.21997169,31.03637765,75.25634934,95.52002167,299.0722723,-162.3535193,-1.842105263,0.55,0.65,-162.3535193,-64.48364402,,,
M02_JS_D5_C03,318.298347,18.61666667,7.369995282,-0.002193281,0,7.369995282,1.078779971,10,,,708.2,,,,,,,37.13989341,-45.98999126,0.55,83.12988467,1.95,1.95,3,0.05,26,0.087264249,200,4.9,-46.72241315,-46.72241315,39.85595792,86.57837108,102.3559593,366.8212973,-179.4433634,-2.044217687,0.55,0.6,-179.4433634,-62.5000014,,,
M02_SM_A3_C05,349.4262773,14.28333333,6.342163228,0.000220324,1,6.342163228,1.061995478,10,45.775,0.723324721,38.7,53.50294118,0.156336473,-0.006809748,0.800185874,1.004037685,-0.0000315,30.0903327,-60.60791151,0.55,90.69824421,5.05,12.3,2,1,37,0.098667408,180,5.7,-58.86840952,-58.86840952,31.37207101,90.24048053,104.187014,415.0390718,-186.7675823,-2.222222222,0.5,0.55,-186.7675823,-72.81494303,,,
M03_JS_A1_C06,502.258312,17.09166667,4.003906339,-0.001412574,0,4.003906339,1.034784453,30,43.6,0.419724771,18.3,43.6,0.415181963,,,0.939073924,,33.28857496,-41.84570406,0.55,75.13427902,1.7,1.7,0,0,57,0.185011396,105,4.05,-47.61352645,-47.61352645,28.8879401,76.50146655,91.29028524,350.7080157,-162.2314489,-2.161775771,0.5,0.6,-162.2314489,-62.40234514,,,
M05_JS_A1_C04,540.1611449,22.93333333,7.765503103,-0.002516772,0,7.765503103,1.081937441,50,,,10.45,,,,,,,8.056640805,-46.081544,0.55,54.1381848,2.2,2.2,0,0,3,0.066888479,130,3.25,-46.53930768,-46.53930768,8.361816593,54.90112427,69.36645663,262.4511777,-112.9150416,-2.324324324,0.5,0.65,-112.9150416,-61.00464004,,,
M08_JS_A1_C02,354.9194415,14.95,3.334961012,-0.0000235,0,3.334961012,1.031742343,10,82.55,0.764215315,86.4,113.0571429,0.226363964,0.045715619,1.735890014,0.978624174,-0.002265202,35.40039142,-43.12133885,0.55,78.52173027,5.05,10.25,104,8340.95,20,0.11610432,,0,,,,,,,,,,,,,,,
M08_JS_A1_C03,325.3173901,13.70833333,2.651367247,-0.00070829,0,2.651367247,1.026772508,50,,,17.8,,,,,,,32.19604564,-48.85864367,0.55,81.05468931,1.65,1.65,3,545.2,52,0.209141291,140,3.8,-48.00415146,-48.00415146,29.84619207,77.85034354,92.04101768,326.5380932,-148.9257846,-2.192622951,0.55,0.65,-148.9257846,-62.19482561,,,
M08_JS_A1_C14,402.4505705,28.34166667,5.368042112,0.000393434,0,5.368042112,1.050880796,70,21.55,0.843146491,17.9,21.23,0.059781924,0.002242243,1.138823529,0.878820961,-0.000496179,14.89257846,-41.01562592,0.55,55.90820437,1.7,1.7,0,0,94,0.042545441,265,2.5,-49.37744251,-49.37744251,21.94213916,71.31958167,93.07861536,296.630866,-162.3535193,-1.827067669,0.5,0.6,-162.3535193,-71.1364762,,,
M08_MW_A1_C05,100.0976585,13.15,5.054321402,-0.001289403,0,5.054321402,1.06671823,150,,,70.45,,,,,,,40.03906339,-42.9077158,0.55,82.9467792,1.55,19.5,0,0,,,,0,,,,,,,,,,,,,,,
M03_JS_A1_C01,237.3962455,30.04166667,11.32440211,-0.001664102,0,11.32440211,1.127705954,30,,0.610583446,90,147.4,0,,,0.90430102,,14.53552279,-44.42749123,0.5,58.96301401,1.55,1.55,0,0,5,0.187529013,195,3.35,-48.22998155,-48.22998155,15.26489292,63.49487447,80.57861508,248.2910212,-155.7617222,-1.594043887,0.5,0.65,-155.7617222,-65.31372216,,,/morphology.html?cell=M3.JS.A1.C1.swc
M03_JS_A1_C04,290.039069,26.925,9.46813986,-0.002046393,0,9.46813986,1.103820572,30,54.675,1.945963811,294.4,151.2875,1.301586507,0.233225508,7.393211921,1.022499691,0.022558847,11.15722681,-38.21411218,0.5,49.37133899,1.75,1.75,2,0.2,52,0.05933841,415,2.95,-47.07641707,-47.07641707,25.93383847,73.01025554,93.39599818,382.9345789,-193.8476606,-1.975440806,0.4,0.5,-193.8476606,-67.46215971,,,
M03_JS_A1_C16,234.4360404,28.73333333,7.738891775,-0.002187165,0,7.738891775,1.090865311,70,,,8.05,,,,,,,5.963134899,-34.5825203,0.5,40.5456552,1.9,1.9,0,0,,,,0,,,,,,,,,,,,,,,
M03_MW_A1_C05,499.8779409,23.7,7.434692549,0.0000167,2,7.434692549,1.08812826,50,10.525,0.270677468,3.05,11.26802326,0.032350242,0.000738241,1.133663366,1.029931305,0.000187336,25.97045956,-36.22436604,0.5,62.19482561,1.45,1.45,3,0.45,127,0.02344359,50,1.65,-43.51806738,-43.51806738,19.13452191,62.65258929,84.62524603,311.8896554,-202.0263717,-1.543806647,0.35,0.45,-202.0263717,-65.49072412,,,
M03_SM_A1_C06,464.9047955,27.25833333,4.675415144,-0.002809307,0,4.675415144,1.046949065,30,,,13.55,,,,,,,22.71118215,-33.23974684,0.5,55.95092898,1.55,1.55,0,0,42,0.11143742,120,3.4,-42.23632907,-42.23632907,32.82470776,75.06103683,92.25464073,353.2714923,-183.4716838,-1.925482369,0.45,0.55,-183.4716838,-59.42993297,,,
M03_SM_A1_C07,131.286624,13.11666667,5.681518682,-0.001207451,0,5.681518682,1.066722863,170,,,39.4,,,,,,,42.49878025,-39.99633878,0.5,82.49511903,1.4,1.4,0,0,,,335,2.45,-41.91894625,-41.91894625,35.38818438,77.30713063,89.47143755,352.1728594,-133.5449249,-2.637111517,0.55,0.6,-133.5449249,-54.08325316,,,
M08_SM_A1_C03,280.4565492,18.30833333,12.18261746,-0.002247263,0,12.18261746,1.14602385,90,14.05,0.639981346,8.95,13.98478261,0.08614057,0.000764677,1.110294118,0.829831933,-0.001309539,12.96997099,-45.13549906,0.5,58.10547005,1.65,1.65,0,0,,,115,4.25,-48.33984483,-48.33984483,13.97705109,62.31689592,80.10864437,262.4511777,-169.6777382,-1.54676259,0.45,0.55,-169.6777382,-66.13159328,,,
M10_JS_A1_C26,264.3585264,28.81875,7.9193117,-0.005091506,0,7.9193117,1.086399201,40,,,74.65,,,,,,,16.8457035,-35.88867268,0.5,52.73437618,1.7,1.7,4,7434.35,40,0.114003883,420,3.35,-45.04394632,-45.04394632,33.41674879,78.46069511,97.35107639,449.21876,-264.2822325,-1.699769053,0.4,0.4,-264.2822325,-63.9343276,,,
M02_JS_D3_C08,354.30909,15.125,16.25366247,-0.00482228,0,16.25366247,1.184969091,70,15,1.077370443,11.4,10.58131868,0.350869631,-0.003831619,0.501845018,1.178666667,0.00067721,15.31982456,-41.9006357,0.45,57.22046026,1.35,1.35,9,58,204,0.092923368,110,3.2,-50.41504019,-50.41504019,17.21191445,67.62695464,85.66284371,327.1484448,-200.8056686,-1.629179331,0.4,0.5,-200.8056686,-68.45092926,,,
M02_MW_D5_C11,309.7534249,12.93333333,18.77807659,-0.003077952,3,18.77807659,1.228515828,50,24.225,0.586788205,20.55,35.02115385,0.163910974,0.016804142,2.327543424,0.994931209,0.00023047,1.312255889,-40.83252044,0.45,42.14477633,1.1,1.1,0,0,99,0.083309466,230,3.3,-46.29516705,-46.29516705,0.457763682,46.75293073,66.98608548,158.0810582,-147.0947299,-1.074688797,0.5,0.6,-147.0947299,-66.5283218,,,
M04_JS_A1_C03,262.2985898,22.93333333,1.939086957,0.00000846,0,1.939086957,1.027282564,150,,,3.25,,,,,,,20.8160405,-45.16296488,0.45,65.97900538,1.25,1.25,0,0,,,155,3.35,-43.0603037,-43.0603037,21.06018113,64.12048483,86.743166,296.1425847,-195.9228559,-1.51152648,0.4,0.5,-195.9228559,-65.68298487,,,
M05_JS_A1_C06,366.2109457,19.50833333,12.57385282,-0.002267416,0,12.57385282,1.144114334,70,17.4,0.804315841,16.4,20.39,0.13170069,0.008568885,1.510086455,0.810202206,-0.004265347,23.25439505,-43.15185643,0.45,66.40625148,1.35,1.35,0,0,111,0.085386915,225,3.65,-45.98999126,-45.98999126,25.23803767,71.22802894,89.01977738,305.7861396,-182.4951213,-1.675585284,0.5,0.55,-182.4951213,-63.78173971,,,
M08_JS_A1_C01,266.7236388,18.93333333,10.2435305,-0.003473136,0,10.2435305,1.123570687,90,,,19.65,,,,,,,27.55737366,-35.24780352,0.45,62.80517719,1.55,1.55,0,0,,,270,3.45,-47.14965926,-47.14965926,31.92138743,79.07104669,98.60229713,367.4316488,-198.9746138,-1.846625767,0.5,0.55,-198.9746138,-66.68090969,,,
M01_CN_A5_C15,310.6079171,18.33333333,7.04406754,-0.001683996,0,7.04406754,1.076618712,170,,,9.1,,,,,,,14.11132844,-33.8073738,0.4,47.91870224,1,1,0,0,,,,0,,,,,,,,,,,,,,,
M01_MW_D4_C10,307.2509834,10.5,4.292846776,-0.001801862,5,4.292846776,1.063860697,110,,0.272058824,3.7,13.6,0,,,0.787246178,,12.99438506,-40.50903411,0.4,53.50341916,1.4,1.4,3,0.6,128,0.057015967,140,3,-36.79809653,-36.79809653,21.24023485,58.03833138,80.79223813,276.123053,-184.4482463,-1.49702184,0.4,0.5,-184.4482463,-59.55200328,,,
M01_MW_D5_C14,408.6914154,25.15,23.65173393,-0.006915529,0,23.65173393,1.259257773,30,37.85,1.47132749,25.8,17.53518519,0.339266289,0.000434205,1.024691358,1.048281233,0.000133198,14.03808625,-40.82641693,0.4,54.86450318,1.4,1.4,3,0.8,127,0.034752506,120,3.35,-46.55761823,-46.55761823,22.1496587,68.70727693,86.71875194,324.2187572,-220.336919,-1.471468144,0.35,0.45,-220.336919,-64.56909324,,,
M01_SM_A1_C02,310.6079171,18.33333333,7.04406754,-0.001683996,0,7.04406754,1.076618712,170,,,9.1,,,,,,,14.11132844,-33.8073738,0.4,47.91870224,1,1,0,0,,,140,3.05,-33.99658279,-33.99658279,1.049804711,35.0463875,50.55542105,79.22363458,-73.24218914,-1.081666667,0.65,0.9,-73.24218914,-49.50561634,,,
M02_JS_D2_C09,190.124516,14.4,3.292846753,-0.000151183,0,3.292846753,1.048253656,70,16.475,0.499143613,8.15,16.3279661,0.091928976,0.0000993,1.012158055,0.892651757,-0.001359565,11.99340847,-35.76660236,0.4,47.76001083,1.4,1.4,0,0,113,0.047641923,160,3.15,-44.61670022,-44.61670022,15.16723667,59.78393688,78.94897637,343.6279374,-216.6748095,-1.585915493,0.3,0.4,-216.6748095,-63.78173971,,,
M02_SM_A1_C03,345.7641679,14.10833333,10.56884789,-0.004334772,1,10.56884789,1.100130686,10,30.625,0.530180727,61.85,116.6583333,1.316720094,0.033365201,1.321005917,0.903058824,-0.008334539,10.49804711,-54.35180786,0.4,64.84985497,1.5,1.5,0,0,11,1.235975396,130,24.95,-52.67334102,-52.67334102,8.209228699,60.88256972,75.98877123,317.9931712,-194.0918012,-1.63836478,0.4,0.4,-194.0918012,-67.77954253,,,
M02_SM_A4_C07,215.1489306,11.84166667,11.04492212,-0.003419206,0,11.04492212,1.137817584,110,,,14.85,,,,,,,14.00756867,-38.75732509,0.4,52.76489376,1.15,1.15,0,0,131,0.070868285,250,3.35,-45.25756937,-45.25756937,15.28930698,60.54687635,80.59692563,305.7861396,-193.4814496,-1.58044164,0.4,0.5,-193.4814496,-65.30761865,,,
M03_SM_A1_C04,294.5556706,18.625,3.669067465,-0.001732675,0,3.669067465,1.042176798,150,17.075,0.68681632,6.9,10.04635417,0.157947011,-0.003657076,0.475,0.864912474,-0.001057308,20.75195359,-34.68628007,0.4,55.43823366,1.3,1.3,0,0,,,180,3.35,-41.16821381,-41.16821381,22.35107472,63.51928853,81.68335144,271.6064514,-161.1328161,-1.685606061,0.45,0.6,-161.1328161,-59.33227672,,,
M04_JS_A1_C01,634.1552876,28.34166667,21.20141649,-0.002676112,0,21.20141649,1.277583416,50,,,8.5,,,,,,,24.62463434,-39.70947354,0.4,64.33410788,1.55,1.55,0,0,,,60,3.85,-39.54467862,-39.54467862,13.82141144,53.36609006,73.86474774,188.6596722,-114.3798854,-1.64941302,0.55,0.7,-114.3798854,-60.0433363,,,
M04_MW_A1_C06,197.2045943,12.16666667,8.762451368,-0.001597353,0,8.762451368,1.119962966,150,,,8.35,,,,,,,30.981446,-42.9077158,0.4,73.88916181,1.1,1.1,0,0,,,205,3.3,-44.87304788,-44.87304788,31.35986398,76.23291186,87.90893751,390.1367275,-237.3046928,-1.644032922,0.35,0.4,-237.3046928,-56.54907353,,,
M10_JS_A1_C18,185.3942913,21.33125,8.582763864,-0.001130207,0,8.582763864,1.091023251,150,,,11.55,,,,,,,15.77758824,-32.2570808,0.4,48.03466904,1.3,1.3,0,0,4,0.494710598,360,3.2,-35.03418047,-35.03418047,22.09472706,57.12890753,73.48632977,325.9277417,-186.7675823,-1.745098039,0.35,0.4,-186.7675823,-51.39160271,,,
M02_JS_D6_C02,373.8403404,21.96666667,11.01257349,-0.00247577,0,11.01257349,1.117385675,90,14.5,0.661999791,9.9,14.9546875,0.061340316,0.000253031,1.032258065,1.017814155,0.000177691,24.90234431,-38.48266688,0.35,63.38501118,1.15,1.15,0,0,126,0.024261975,150,3.5,-47.21069441,-47.21069441,22.76611379,69.9768082,95.03174041,360.1074299,-230.1025442,-1.564986737,0.35,0.45,-230.1025442,-72.26562662,,,
M02_MW_D4_C09,281.3720766,14.71666667,8.736572461,-0.004098941,0,8.736572461,1.100670952,50,,0.656870532,41.35,62.95,0,,,0.94481383,,10.25390648,-35.64453205,0.35,45.89843853,0.9,0.9,0,0,62,0.077724151,250,3.55,-43.09082128,-43.09082128,10.2233889,53.31421018,80.352785,206.9091843,-210.5712938,-0.982608696,0.4,0.5,-210.5712938,-70.1293961,,,
M02_SM_A6_C16,274.2767395,14.73333333,13.32763702,-0.001848662,0,13.32763702,1.17144562,110,,,8.95,,,,,,,27.46582093,-41.99218844,0.35,69.45800937,0.9,0.9,0,0,177,0.037442385,160,3.2,-47.05810652,-47.05810652,31.43310617,78.49121269,95.45898651,382.6904382,-278.9306703,-1.371991247,0.35,0.4,-278.9306703,-64.02588034,,,
M03_JS_A1_C03,315.2465891,15.23333333,5.201294062,-0.002947406,0,5.201294062,1.056485064,90,230.85,0.511691023,11.4,22.27906977,3.008489528,-0.020817566,0.0264644,1.038568644,0.000169613,8.508300971,-35.32714923,0.35,43.8354502,1.25,1.25,3,0.05,,,115,3.45,-42.56591892,-42.56591892,7.824707206,50.39062613,69.91577305,315.4296946,-181.0302775,-1.742414026,0.35,0.4,-181.0302775,-62.09106584,,,
M03_MW_A1_C07,304.9316474,18.35833333,4.827392686,0.002004229,4,4.827392686,1.055093034,30,16.975,0.27266594,3.7,13.56971831,0.806592913,0.000329769,0.885057471,1.040013012,0.000315907,28.36914126,-46.67968854,0.35,75.0488298,1.05,1.05,3,1.25,127,0.03895808,45,2.1,-49.61547962,-49.61547962,28.94897526,78.56445488,100.2258323,432.9834081,-302.3681708,-1.431974162,0.3,0.4,-302.3681708,-71.27685706,,,/morphology.html?cell=M3.MW.B1.C7.swc
M03_SM_A1_C13,329.8950269,27.35833333,10.24572777,-0.00105228,0,10.24572777,1.111425298,110,,,8.45,,,,,,,13.75122101,-34.5825203,0.35,48.33374131,1.2,1.2,0,0,,,170,3.4,-39.63012784,-39.63012784,12.24365262,51.87378046,75.83007982,312.3779367,-193.3593793,-1.615530303,0.35,0.45,-193.3593793,-63.5864272,,,
M08_JS_A1_C10,197.0079254,23.3,4.046020598,-0.000729679,0,4.046020598,1.048556632,250,,,6.65,,,,,,,6.469726707,-36.34643636,0.35,42.81616307,1,1,0,0,,,410,3.3,-38.08593835,-38.08593835,9.613037324,47.69897568,72.50976725,300.2929755,-191.6503949,-1.566878981,0.3,0.4,-191.6503949,-62.89672992,,,
M10_JS_A1_C22,324.6307446,24.675,8.125610533,-0.000720264,0,8.125610533,1.08066676,60,76.7,0.402992437,40.85,101.3666667,0.746982187,0.12555443,13.51086957,0.698067633,-0.014202126,22.70507863,-40.4663095,0.35,63.17138813,1.2,1.2,0,0,79,0.097731218,360,3.35,-47.79052841,-47.79052841,29.90722723,77.69775564,95.00122283,414.4287202,-263.0615293,-1.575406032,0.35,0.4,-263.0615293,-65.0939956,,,
M10_SA_A1_C08,317.3217844,21.46875,8.77099629,-0.001564033,0,8.77099629,1.098162091,55,28.4,1.108953382,32.3,29.1265625,0.067336396,0.001056413,1.068901304,0.971402275,-0.000870306,7.403564619,-39.0167245,0.35,46.42028912,1.3,1.3,5,0.05,101,0.021855022,290,3.7,-42.09899996,-42.09899996,20.27587936,62.37487932,93.6553976,379.0893639,-263.8549864,-1.43673375,0.3,0.4,-263.8549864,-73.37951824,,,
M01_CN_A5_C14,318.4814524,18.65,13.58813507,-0.003142256,0,13.58813507,1.141075946,110,,,11,,,,,,,8.361816593,-34.82055742,0.3,43.18237401,1.2,1.2,0,0,164,0.036285075,,0,,,,,,,,,,,,,,,
M01_SM_A1_C03,318.4814524,20.18333333,13.58813507,-0.003142256,0,13.58813507,1.141075946,110,,,11,,,,,,,8.361816593,-34.82055742,0.3,43.18237401,1.2,1.2,0,0,164,0.036285075,180,3.25,-44.42138771,-44.42138771,16.070557,60.49194471,82.61718935,390.5029384,-275.1464905,-1.419254658,0.3,0.35,-275.1464905,-66.54663235,,,
M01_SM_A2_C05,322.0214916,19.48333333,5.907592905,-0.000499214,0,5.907592905,1.063997197,150,,,7.9,,,,,,,12.79296904,-34.04541092,0.3,46.83837995,1.1,1.1,5,0.3,,,190,3,-43.80493262,-43.80493262,16.43066443,60.23559705,82.28149598,354.1259845,-249.2675837,-1.420666014,0.3,0.4,-249.2675837,-65.85083155,,,
M01_SM_A3_C09,246.2158258,15.35,4.889892687,-0.001365819,0,4.889892687,1.056905256,270,,,6.8,,,,,,,6.53686538,-32.43408276,0.3,38.97094814,0.9,0.9,0,0,,,300,2.7,-44.23217872,-44.23217872,15.73486363,59.96704236,77.30102712,389.5263759,-264.5263731,-1.472542686,0.3,0.35,-264.5263731,-61.56616349,,,
M02_SM_A5_C10,273.4375061,15.15833333,12.10388211,-0.002393154,0,12.10388211,1.13214588,150,,,10.25,,,,,,,15.22827182,-35.98022541,0.3,51.20849724,0.9,0.9,0,0,,,200,1.95,-45.47119242,-45.47119242,17.79174844,63.26294087,82.51953309,394.8974698,-261.8408262,-1.508158508,0.3,0.4,-261.8408262,-64.72778465,,,
M03_JS_A1_C13,320.251472,18.64166667,28.82898014,-0.000369959,0,28.82898014,1.407829275,130,,,5.2,,,,,,,16.80908241,-42.07153414,0.3,58.88061655,1.05,1.05,0,0,,,115,3.55,-46.00830181,-46.00830181,17.03491249,63.0432143,85.44311714,306.2744209,-229.9804739,-1.331740977,0.35,0.45,-229.9804739,-68.40820465,,,
M04_MW_A1_C03,163.6962927,10.59166667,6.593139796,-0.00108133,0,6.593139796,1.093478761,150,43.225,9.57789135,632.5,66.0375,0.46770411,0.089150689,1.782608696,0.993071365,-0.002275509,31.45752023,-30.2062995,0.3,61.66381974,0.8,0.8,0,0,,,360,3.3,-38.21411218,-38.21411218,30.7067878,68.92089998,92.73681848,434.5703222,-320.6787181,-1.355157975,0.3,0.35,-320.6787181,-62.03003068,,,
M10_JS_A1_C13,229.0998238,11.66875,11.88476589,-0.002511739,0,11.88476589,1.131144008,90,22.25,2.823097047,73.1,25.89354839,0.099360586,0.003406556,1.225352113,0.960429621,-0.00070388,20.17211959,-33.81347732,0.3,53.98559691,0.95,0.95,0,0,,,270,3.25,-43.4875498,-43.4875498,23.40698295,66.89453275,86.18164255,408.935556,-281.9824282,-1.45021645,0.3,0.35,-281.9824282,-62.77465961,,,
M10_SA_A1_C07,198.4863326,22.30625,1.998779342,-0.000230619,0,1.998779342,1.021081472,100,,,26.9,,,,,,,17.93212931,-45.29113871,0.3,63.22326801,0.95,0.95,0,0,104,0.047844972,350,3.5,-52.72216915,-52.72216915,25.49438534,78.21655448,96.62780978,464.6606549,-289.0625065,-1.607474662,0.35,0.4,-289.0625065,-71.13342444,,,
M10_SA_A1_C02,145.4219144,17.4625,4.460510354,-0.000793258,0,4.460510354,1.049010844,165,,1.237918216,16.65,13.45,0,,,0.934977578,,17.17224159,-38.63220301,0.25,55.80444461,0.9,0.9,4,634.7,159,0.040338588,420,3.7,-46.78650007,-46.78650007,17.98706095,64.77356102,90.25268756,405.5786223,-284.1796939,-1.427190722,0.3,0.4,-284.1796939,-72.26562662,,,
M01_CN_A1_C01,0,0,0,0,0,0,0,0,0,0,0,0,0,0,0,0,0,0,0,,0,0,0,0,0,0,0,,0,,,,,,,,,,,,,,,
M01_CN_A1_C03,0,0,0,0,0,0,0,0,0,0,0,0,0,0,0,0,0,0,0,,0,0,0,0,0,0,0,,0,,,,,,,,,,,,,,,
M01_CN_A2_C04,0,0,0,0,0,0,0,0,0,0,0,0,0,0,0,0,0,0,0,,0,0,0,0,0,0,0,,0,,,,,,,,,,,,,,,
M01_CN_A3_C08,0,0,0,0,0,0,0,0,0,0,0,0,0,0,0,0,0,0,0,,0,0,0,0,0,0,0,,0,,,,,,,,,,,,,,,
M01_JS_A1_C02,0,0,0,0,0,0,0,0,0,0,0,0,0,0,0,0,0,0,0,,0,0,0,0,0,0,0,,0,,,,,,,,,,,,,,,
M01_JS_A2_C03,0,0,0,0,0,0,0,0,0,0,0,0,0,0,0,0,0,0,0,,0,0,0,0,0,0,0,50,3.4,-41.02172943,-41.02172943,9.844970923,50.86670036,74.26147627,169.4335975,-126.5869169,-1.338476374,0.55,0.7,-126.5869169,-64.41650535,,,
M01_JS_A3_C08,0,0,0,0,0,0,0,0,0,0,0,0,0,0,0,0,0,0,0,,0,0,0,0,0,0,0,70,3,-44.33593849,-44.33593849,0.024414063,44.36035255,54.8339856,42.60254001,-20.99609422,-2.029069767,2.55,3.05,-20.99609422,-54.80957154,,,
M01_JS_A4_C09,0,0,0,0,0,0,0,0,0,0,0,0,0,0,0,0,0,0,0,,0,0,0,0,0,0,0,110,3.85,-44.91577249,-44.91577249,17.79174844,62.70752093,77.48413259,204.3457077,-65.18554833,-3.134831461,0.9,1.1,-65.18554833,-59.69238415,,,
M01_JS_A5_C12,0,0,0,0,0,0,0,0,0,0,0,0,0,0,0,0,0,0,0,,0,0,0,0,0,0,0,30,6.7,-53.46679807,-53.46679807,13.11035186,66.57714993,84.40551946,107.7880883,-35.03418047,-3.076655052,2.05,2.4,-35.03418047,-71.29516761,,,
M01_JS_B2_C18,0,0,0,0,0,0,0,0,0,0,0,0,0,0,0,0,0,0,0,,0,0,0,0,0,0,0,180,3.85,-51.17797966,-51.17797966,12.57324247,63.75122213,78.11279471,246.0937555,-145.0195345,-1.696969697,0.5,0.6,-145.0195345,-65.53955225,,,
M01_JS_B2_C19,0,0,0,0,0,0,0,0,0,0,0,0,0,0,0,0,0,0,0,,0,0,0,0,0,0,0,100,2.85,-43.59130957,-43.59130957,0.207519536,43.7988291,53.23486447,50.41504019,-30.02929755,-1.678861789,2.1,2.5,-30.02929755,-53.02734494,,,
M01_JS_B3_C20,0,0,0,0,0,0,0,0,0,0,0,0,0,0,0,0,0,0,0,,0,0,0,0,0,0,0,50,3.4,-48.43750108,-48.43750108,1.342773468,49.78027455,61.6088881,86.5478535,-34.05761795,-2.541218638,1.55,1.8,-34.05761795,-60.26611463,,,
M01_MW_D1_C01,0,0,0,0,0,0,0,0,0,0,0,0,0,0,0,0,0,0,0,,0,0,0,0,0,0,0,140,3.95,-38.3361825,-38.3361825,18.43872112,56.77490361,74.29809736,83.25195499,-21.72851611,-3.831460674,2.45,3,-21.72851611,-55.85937625,,,
M01_MW_D3_C06,0,0,0,0,0,0,0,0,0,0,0,0,0,0,0,0,0,0,0,,0,0,0,0,0,0,0,160,1.75,-40.44799895,-40.44799895,0.177001957,40.62500091,52.9357922,88.86718949,-50.41504019,-1.762711864,0.9,1.15,-50.41504019,-52.75879024,,,
M01_MW_D3_C08,0,0,0,0,0,0,0,0,0,0,0,0,0,0,0,0,0,0,0,,0,0,0,0,0,0,0,70,3.7,-43.20678808,-43.20678808,18.3166508,61.52343888,81.25610533,140.1367219,-64.81933739,-2.161958569,0.95,1.25,-64.81933739,-62.93945453,,,
M01_MW_D4_C09,0,0,0,0,0,0,0,0,0,0,0,0,0,0,0,0,0,0,0,,0,0,0,0,0,0,0,640,3.55,-47.94311631,-47.94311631,34.99755938,82.94067568,104.5227074,259.0332089,-70.92285315,-3.65232358,1.05,1.25,-70.92285315,-69.52514804,,,
M01_MW_D6_C15,0,0,0,0,0,0,0,0,0,0,0,0,0,0,0,0,0,0,0,,0,0,0,0,0,0,0,730,2.9,-50.05493276,-50.05493276,47.33276473,97.38769749,112.9577662,415.0390718,-77.02636891,-5.388272583,1.1,1.2,-77.02636891,-65.62500147,,,
M01_SM_A1_C01,0,0,0,0,0,0,0,0,0,0,0,0,0,0,0,0,0,0,0,,0,0,0,0,0,0,0,,0,,,,,,,,,,,,,,,
M01_SM_A2_C06,0,0,0,0,0,0,0,0,0,0,0,0,0,0,0,0,0,0,0,,0,0,0,0,0,0,0,720,3.15,-45.89233501,-45.89233501,35.3942879,81.28662291,97.33886936,401.2451262,-122.1923855,-3.283716284,0.65,0.7,-122.1923855,-61.94458146,,,
M01_SM_A3_C07,0,0,0,0,0,0,0,0,0,0,0,0,0,0,0,0,0,0,0,,0,0,0,0,0,0,0,,0,,,,,,,,,,,,,,,
M01_SM_A4_C10,0,0,0,0,0,0,0,0,0,0,0,0,0,0,0,0,0,0,0,,0,0,0,0,0,0,0,140,3.2,-45.94726665,-45.94726665,16.40625037,62.35351702,77.30102712,301.6357489,-259.5214902,-1.162276576,0.3,0.4,-259.5214902,-60.89477675,,,
M01_SM_A4_C11,0,0,0,0,0,0,0,0,0,0,0,0,0,0,0,0,0,0,0,,0,0,0,0,0,0,0,250,2,-41.65039156,-41.65039156,25.74462948,67.39502104,83.55102726,209.2285203,-73.97461103,-2.828382838,0.9,1.05,-73.97461103,-57.80639778,,,
M01_SM_A5_C13,0,0,0,0,0,0,0,0,0,0,0,0,0,0,0,0,0,0,0,,0,0,0,0,0,0,0,,0,,,,,,,,,,,,,,,
M01_SM_A6_C15,0,0,0,0,0,0,0,0,0,0,0,0,0,0,0,0,0,0,0,,0,0,0,0,0,0,0,,0,,,,,,,,,,,,,,,
M01_SM_A6_C16,0,0,0,0,0,0,0,0,0,0,0,0,0,0,0,0,0,0,0,,0,0,0,0,0,0,0,190,3.2,-41.92504977,-41.92504977,26.04980527,67.97485503,84.6496601,188.2324261,-74.09668134,-2.540362438,0.95,1.15,-74.09668134,-58.59985483,,,
M01_SM_A7_C18,0,0,0,0,0,0,0,0,0,0,0,0,0,0,0,0,0,0,0,,0,0,0,0,0,0,0,,0,,,,,,,,,,,,,,,
M02_JS_D4_C05,0,0,0,0,0,0,0,0,0,0,0,0,0,0,0,0,0,0,0,,0,0,0,0,0,0,0,260,3,-32.04345775,-32.04345775,3.784179772,35.82763752,52.15454218,31.12793038,-21.97265674,-1.416666667,2.8,3.8,-21.97265674,-48.37036241,,,
M02_MW_D1_C01,0,0,0,0,0,0,0,0,0,0,0,0,0,0,0,0,0,0,0,,0,0,0,0,0,0,0,190,3.45,-48.21777452,-48.21777452,31.6772468,79.89502132,107.0251489,417.4804781,-291.1377018,-1.433962264,0.35,0.45,-291.1377018,-75.34790207,,,
M02_MW_D2_C03,0,0,0,0,0,0,0,0,0,0,0,0,0,0,0,0,0,0,0,,0,0,0,0,0,0,0,,0,,,,,,,,,,,,,,,
M02_MW_D3_C07,0,0,0,0,0,0,0,0,0,0,0,0,0,0,0,0,0,0,0,,0,0,0,0,0,0,0,490,3.9,-40.34423918,-40.34423918,23.43750052,63.78173971,87.5549336,151.9775425,-77.51465017,-1.960629921,0.95,1.2,-77.51465017,-64.11743307,,,
M03_MW_A1_C01,0,0,0,0,0,0,0,0,0,0,0,0,0,0,0,0,0,0,0,,0,0,0,0,0,0,0,,0,,,,,,,,,,,,,,,
M03_MW_A1_C12,0,0,0,0,0,0,0,0,0,0,0,0,0,0,0,0,0,0,0,,0,0,0,0,0,0,0,,0,,,,,,,,,,,,,,,
M03_SM_A1_C01,0,0,0,0,0,0,0,0,0,0,0,0,0,0,0,0,0,0,0,,0,0,0,0,0,0,0,,0,,,,,,,,,,,,,,,
M03_SM_A1_C10,0,0,0,0,0,0,0,0,0,0,0,0,0,0,0,0,0,0,0,,0,0,0,0,0,0,0,,0,,,,,,,,,,,,,,,
M04_JS_A1_C11,0,0,0,0,0,0,0,0,0,0,0,0,0,0,0,0,0,0,0,,0,0,0,0,0,0,0,,0,,,,,,,,,,,,,,,
M04_MJ_A1_C01,0,0,0,0,0,0,0,0,0,0,0,0,0,0,0,0,0,0,0,,0,0,0,0,0,0,0,,0,,,,,,,,,,,,,,,
M04_MW_A1_C01,0,0,0,0,0,0,0,0,0,0,0,0,0,0,0,0,0,0,0,,0,0,0,0,0,0,0,,0,,,,,,,,,,,,,,,
M04_MW_A1_C04,0,0,0,0,0,0,0,0,0,0,0,0,0,0,0,0,0,0,0,,0,0,0,0,0,0,0,,0,,,,,,,,,,,,,,,
M04_MW_A1_C05,0,0,0,0,0,0,0,0,0,0,0,0,0,0,0,0,0,0,0,,0,0,0,0,0,0,0,430,3,-41.07666107,-41.07666107,0.579833997,41.65649507,77.03247242,28.93066471,-41.74804781,-0.692982456,2.05,4.05,-41.74804781,-76.45263843,,,
M04_SM_A1_C03,0,0,0,0,0,0,0,0,0,0,0,0,0,0,0,0,0,0,0,,0,0,0,0,0,0,0,,0,,,,,,,,,,,,,,,
M05_JS_A1_C12,0,0,0,0,0,0,0,0,0,0,0,0,0,0,0,0,0,0,0,,0,0,0,0,0,0,0,,0,,,,,,,,,,,,,,,
M05_MJ_A1_C01,0,0,0,0,0,0,0,0,0,0,0,0,0,0,0,0,0,0,0,,0,0,0,0,0,0,0,,0,,,,,,,,,,,,,,,
M05_MJ_A1_C03,0,0,0,0,0,0,0,0,0,0,0,0,0,0,0,0,0,0,0,,0,0,0,0,0,0,0,,0,,,,,,,,,,,,,,,
M05_MW_A1_C01,0,0,0,0,0,0,0,0,0,0,0,0,0,0,0,0,0,0,0,,0,0,0,0,0,0,0,,0,,,,,,,,,,,,,,,
M05_MW_A1_C02,0,0,0,0,0,0,0,0,0,0,0,0,0,0,0,0,0,0,0,,0,0,0,0,0,0,0,,0,,,,,,,,,,,,,,,
M05_MW_A1_C03,0,0,0,0,0,0,0,0,0,0,0,0,0,0,0,0,0,0,0,,0,0,0,0,0,0,0,,0,,,,,,,,,,,,,,,
M05_SM_A1_C02,0,0,0,0,0,0,0,0,0,0,0,0,0,0,0,0,0,0,0,,0,0,0,0,0,0,0,385,3.45,-39.52026456,-39.52026456,27.13012756,66.65039211,86.82251171,339.3554763,-115.3564479,-2.941798942,0.6,0.75,-115.3564479,-59.69238415,,,
M05_SM_A1_C04,0,0,0,0,0,0,0,0,0,0,0,0,0,0,0,0,0,0,0,,0,0,0,0,0,0,0,,0,,,,,,,,,,,,,,,
M05_SM_A1_C05,0,0,0,0,0,0,0,0,0,0,0,0,0,0,0,0,0,0,0,,0,0,0,0,0,0,0,,0,,,,,,,,,,,,,,,
M05_SM_A1_C06,0,0,0,0,0,0,0,0,0,0,0,0,0,0,0,0,0,0,0,,0,0,0,0,0,0,0,50,13.85,-38.14697351,-38.14697351,3.509521563,41.65649507,61.76757951,89.72168169,-33.56933669,-2.672727273,1.65,2.2,-33.56933669,-58.25805794,,,
M05_SM_A1_C07,0,0,0,0,0,0,0,0,0,0,0,0,0,0,0,0,0,0,0,,0,0,0,0,0,0,0,105,3.5,-39.67285245,-39.67285245,23.49853568,63.17138813,80.65796079,220.336919,-161.1328161,-1.367424242,0.5,0.6,-161.1328161,-57.15942511,,,
M05_SM_A1_C08,0,0,0,0,0,0,0,0,0,0,0,0,0,0,0,0,0,0,0,,0,0,0,0,0,0,0,,0,,,,,,,,,,,,,,,
M05_SM_A1_C10,0,0,0,0,0,0,0,0,0,0,0,0,0,0,0,0,0,0,0,,0,0,0,0,0,0,0,,0,,,,,,,,,,,,,,,
M05_SM_A1_C11,0,0,0,0,0,0,0,0,0,0,0,0,0,0,0,0,0,0,0,,0,0,0,0,0,0,0,,0,,,,,,,,,,,,,,,
M05_SM_A1_C12,0,0,0,0,0,0,0,0,0,0,0,0,0,0,0,0,0,0,0,,0,0,0,0,0,0,0,,0,,,,,,,,,,,,,,,
M05_SM_A1_C13,0,0,0,0,0,0,0,0,0,0,0,0,0,0,0,0,0,0,0,,0,0,0,0,0,0,0,,0,,,,,,,,,,,,,,,
M05_SM_A1_C15,0,0,0,0,0,0,0,0,0,0,0,0,0,0,0,0,0,0,0,,0,0,0,0,0,0,0,,0,,,,,,,,,,,,,,,
M06_MJ_A1_C03,0,0,0,0,0,0,0,0,0,0,0,0,0,0,0,0,0,0,0,,0,0,0,0,0,0,0,,0,,,,,,,,,,,,,,,
M06_MJ_A1_C06,0,0,0,0,0,0,0,0,0,0,0,0,0,0,0,0,0,0,0,,0,0,0,0,0,0,0,,0,,,,,,,,,,,,,,,
M06_MJ_A1_C07,0,0,0,0,0,0,0,0,0,0,0,0,0,0,0,0,0,0,0,,0,0,0,0,0,0,0,,0,,,,,,,,,,,,,,,
M06_MW_A1_C02,0,0,0,0,0,0,0,0,0,0,0,0,0,0,0,0,0,0,0,,0,0,0,0,0,0,0,,0,,,,,,,,,,,,,,,
M06_MW_A1_C03,0,0,0,0,0,0,0,0,0,0,0,0,0,0,0,0,0,0,0,,0,0,0,0,0,0,0,,0,,,,,,,,,,,,,,,
M06_MW_A1_C05,0,0,0,0,0,0,0,0,0,0,0,0,0,0,0,0,0,0,0,,0,0,0,0,0,0,0,,0,,,,,,,,,,,,,,,
M06_MW_A1_C06,0,0,0,0,0,0,0,0,0,0,0,0,0,0,0,0,0,0,0,,0,0,0,0,0,0,0,,0,,,,,,,,,,,,,,,
M06_SM_A1_C01,0,0,0,0,0,0,0,0,0,0,0,0,0,0,0,0,0,0,0,,0,0,0,0,0,0,0,,0,,,,,,,,,,,,,,,
M06_SM_A1_C02,0,0,0,0,0,0,0,0,0,0,0,0,0,0,0,0,0,0,0,,0,0,0,0,0,0,0,,0,,,,,,,,,,,,,,,
M06_SM_A1_C03,0,0,0,0,0,0,0,0,0,0,0,0,0,0,0,0,0,0,0,,0,0,0,0,0,0,0,,0,,,,,,,,,,,,,,,
M06_SM_A1_C04,0,0,0,0,0,0,0,0,0,0,0,0,0,0,0,0,0,0,0,,0,0,0,0,0,0,0,,0,,,,,,,,,,,,,,,
M06_SM_A1_C06,0,0,0,0,0,0,0,0,0,0,0,0,0,0,0,0,0,0,0,,0,0,0,0,0,0,0,,0,,,,,,,,,,,,,,,
M06_SM_A1_C07,0,0,0,0,0,0,0,0,0,0,0,0,0,0,0,0,0,0,0,,0,0,0,0,0,0,0,,0,,,,,,,,,,,,,,,
M06_SM_A1_C08,0,0,0,0,0,0,0,0,0,0,0,0,0,0,0,0,0,0,0,,0,0,0,0,0,0,0,,0,,,,,,,,,,,,,,,
M06_SM_A1_C09,0,0,0,0,0,0,0,0,0,0,0,0,0,0,0,0,0,0,0,,0,0,0,0,0,0,0,,0,,,,,,,,,,,,,,,
M06_SM_A1_C10,0,0,0,0,0,0,0,0,0,0,0,0,0,0,0,0,0,0,0,,0,0,0,0,0,0,0,,0,,,,,,,,,,,,,,,
M06_SM_A1_C11,0,0,0,0,0,0,0,0,0,0,0,0,0,0,0,0,0,0,0,,0,0,0,0,0,0,0,,0,,,,,,,,,,,,,,,
M06_SM_A1_C12,0,0,0,0,0,0,0,0,0,0,0,0,0,0,0,0,0,0,0,,0,0,0,0,0,0,0,,0,,,,,,,,,,,,,,,
M06_SM_A1_C13,0,0,0,0,0,0,0,0,0,0,0,0,0,0,0,0,0,0,0,,0,0,0,0,0,0,0,,0,,,,,,,,,,,,,,,
M06_SM_A1_C14,0,0,0,0,0,0,0,0,0,0,0,0,0,0,0,0,0,0,0,,0,0,0,0,0,0,0,,0,,,,,,,,,,,,,,,
M07_MJ_A1_C01,0,0,0,0,0,0,0,0,0,0,0,0,0,0,0,0,0,0,0,,0,0,0,0,0,0,0,,0,,,,,,,,,,,,,,,
M07_MW_A1_C04,0,0,0,0,0,0,0,0,0,0,0,0,0,0,0,0,0,0,0,,0,0,0,0,0,0,0,,0,,,,,,,,,,,,,,,
M07_MW_A1_C05,0,0,0,0,0,0,0,0,0,0,0,0,0,0,0,0,0,0,0,,0,0,0,0,0,0,0,,0,,,,,,,,,,,,,,,
M08_MJ_A1_C01,0,0,0,0,0,0,0,0,0,0,0,0,0,0,0,0,0,0,0,,0,0,0,0,0,0,0,,0,,,,,,,,,,,,,,,
M08_MJ_A1_C02,0,0,0,0,0,0,0,0,0,0,0,0,0,0,0,0,0,0,0,,0,0,0,0,0,0,0,,0,,,,,,,,,,,,,,,
M08_MJ_A1_C03,0,0,0,0,0,0,0,0,0,0,0,0,0,0,0,0,0,0,0,,0,0,0,0,0,0,0,,0,,,,,,,,,,,,,,,
M08_MW_A1_C04,0,0,0,0,0,0,0,0,0,0,0,0,0,0,0,0,0,0,0,,0,0,0,0,0,0,0,,0,,,,,,,,,,,,,,,
M08_MW_A1_C08,0,0,0,0,0,0,0,0,0,0,0,0,0,0,0,0,0,0,0,,0,0,0,0,0,0,0,,0,,,,,,,,,,,,,,,
M08_MW_A1_C09,0,0,0,0,0,0,0,0,0,0,0,0,0,0,0,0,0,0,0,,0,0,0,0,0,0,0,,0,,,,,,,,,,,,,,,
M08_MW_A1_C10,0,0,0,0,0,0,0,0,0,0,0,0,0,0,0,0,0,0,0,,0,0,0,0,0,0,0,,0,,,,,,,,,,,,,,,
M08_MW_A1_C11,0,0,0,0,0,0,0,0,0,0,0,0,0,0,0,0,0,0,0,,0,0,0,0,0,0,0,,0,,,,,,,,,,,,,,,
M08_SM_A1_C01,0,0,0,0,0,0,0,0,0,0,0,0,0,0,0,0,0,0,0,,0,0,0,0,0,0,0,,0,,,,,,,,,,,,,,,
M08_SM_A1_C02,0,0,0,0,0,0,0,0,0,0,0,0,0,0,0,0,0,0,0,,0,0,0,0,0,0,0,,0,,,,,,,,,,,,,,,
M08_SM_A1_C05,0,0,0,0,0,0,0,0,0,0,0,0,0,0,0,0,0,0,0,,0,0,0,0,0,0,0,135,3.5,-42.93823338,-42.93823338,15.31982456,58.25805794,69.67163242,153.1982456,-98.26660376,-1.559006211,0.7,0.8,-98.26660376,-54.35180786,,,
M08_SM_A1_C08,0,0,0,0,0,0,0,0,0,0,0,0,0,0,0,0,0,0,0,,0,0,0,0,0,0,0,,0,,,,,,,,,,,,,,,
M10_JS_A1_C10,0,0,0,0,0,0,0,0,0,0,0,0,0,0,0,0,0,0,0,,0,0,0,0,0,0,0,,0,,,,,,,,,,,,,,,
M10_JS_A1_C19,0,0,0,0,0,0,0,0,0,0,0,0,0,0,0,0,0,0,0,,0,0,0,0,0,0,0,,0,,,,,,,,,,,,,,,
M10_JS_A1_C29,0,0,0,0,0,0,0,0,0,0,0,0,0,0,0,0,0,0,0,,0,0,0,0,0,0,0,,0,,,,,,,,,,,,,,,
M10_MJ_A1_C01,0,0,0,0,0,0,0,0,0,0,0,0,0,0,0,0,0,0,0,,0,0,0,0,0,0,0,,0,,,,,,,,,,,,,,,
M10_MJ_A1_C02,0,0,0,0,0,0,0,0,0,0,0,0,0,0,0,0,0,0,0,,0,0,0,0,0,0,0,,0,,,,,,,,,,,,,,,
M10_MJ_A1_C04,0,0,0,0,0,0,0,0,0,0,0,0,0,0,0,0,0,0,0,,0,0,0,0,0,0,0,,0,,,,,,,,,,,,,,,
M10_MJ_A1_C05,0,0,0,0,0,0,0,0,0,0,0,0,0,0,0,0,0,0,0,,0,0,0,0,0,0,0,,0,,,,,,,,,,,,,,,
M10_MJ_A1_C09,0,0,0,0,0,0,0,0,0,0,0,0,0,0,0,0,0,0,0,,0,0,0,0,0,0,0,,0,,,,,,,,,,,,,,,
M10_MJ_A1_C10,0,0,0,0,0,0,0,0,0,0,0,0,0,0,0,0,0,0,0,,0,0,0,0,0,0,0,,0,,,,,,,,,,,,,,,
M10_MJ_A1_C11,0,0,0,0,0,0,0,0,0,0,0,0,0,0,0,0,0,0,0,,0,0,0,0,0,0,0,,0,,,,,,,,,,,,,,,
M10_MJ_A1_C16,0,0,0,0,0,0,0,0,0,0,0,0,0,0,0,0,0,0,0,,0,0,0,0,0,0,0,,0,,,,,,,,,,,,,,,
M10_SA_A1_C04,0,0,0,0,0,0,0,0,0,0,0,0,0,0,0,0,0,0,0,,0,0,0,0,0,0,0,,0,,,,,,,,,,,,,,,
M10_SA_A1_C12,0,0,0,0,0,0,0,0,0,0,0,0,0,0,0,0,0,0,0,,0,0,0,0,0,0,0,,0,,,,,,,,,,,,,,,
M10_SA_A1_C13,0,0,0,0,0,0,0,0,0,0,0,0,0,0,0,0,0,0,0,,0,0,0,0,0,0,0,,0,,,,,,,,,,,,,,,
